expiry,execution_day,signal_day,scope,complete,queried_candidates,historical_contracts,signal_observed_contracts,signal_observed_strikes,provider_errors
2026-07-10,2026-07-06,2026-07-02,previously_observed_subset,False,,7,5,"[310.0,312.5,315.0,330.0,335.0]",
2026-07-17,2026-07-13,2026-07-10,previously_observed_subset,False,,6,6,"[317.5,320.0,337.5,340.0,342.5,345.0]",
2026-07-24,2026-07-20,2026-07-17,previously_observed_subset,False,,6,6,"[325.0,327.5,345.0,347.5,350.0,352.5]",
2026-07-31,2026-07-27,2026-07-24,previously_observed_subset,False,,6,6,"[337.5,340.0,357.5,360.0,362.5,365.0]",
2026-08-07,2026-08-03,2026-07-31,previously_observed_subset,False,,6,6,"[305.0,307.5,322.5,325.0,327.5,330.0]",
2026-08-14,2026-08-10,2026-08-07,previously_observed_subset,False,,7,7,"[305.0,307.5,322.5,325.0,327.5,330.0,332.5]",
2026-08-21,2026-08-17,2026-08-14,previously_observed_subset,False,,6,6,"[302.5,305.0,320.0,322.5,325.0,327.5]",
2026-08-28,2026-08-24,2026-08-21,previously_observed_subset,False,,6,6,"[312.5,315.0,330.0,332.5,335.0,337.5]",
2026-09-04,2026-08-31,2026-08-28,previously_observed_subset,False,,6,6,"[315.0,317.5,332.5,335.0,337.5,340.0]",
2026-09-11,2026-09-08,2026-09-04,reconstructed_and_historically_validated_subset,False,30,24,24,"[305.0,307.5,310.0,312.5,315.0,317.5,320.0,322.5,325.0,327.5,330.0,332.5,335.0,337.5,340.0,342.5,345.0,350.0,355.0,360.0,365.0,370.0,375.0,380.0]",6
2026-09-18,2026-09-14,2026-09-11,reconstructed_and_historically_validated_subset,False,28,23,23,"[317.5,320.0,322.5,325.0,327.5,330.0,332.5,335.0,337.5,340.0,342.5,345.0,347.5,350.0,355.0,360.0,365.0,370.0,375.0,380.0,385.0,390.0,395.0]",5
2026-09-25,2026-09-21,2026-09-18,reconstructed_and_historically_validated_subset,False,28,28,26,"[320.0,322.5,325.0,327.5,330.0,332.5,335.0,337.5,340.0,342.5,345.0,347.5,350.0,352.5,355.0,357.5,360.0,362.5,365.0,370.0,375.0,380.0,385.0,390.0,395.0,400.0]",0
2026-10-02,2026-09-28,2026-09-25,reconstructed_and_historically_validated_subset,False,27,27,27,"[325.0,327.5,330.0,332.5,335.0,337.5,340.0,342.5,345.0,347.5,350.0,352.5,355.0,357.5,360.0,362.5,365.0,367.5,370.0,372.5,375.0,380.0,385.0,390.0,395.0,400.0,405.0]",0
