date,closing_reference,strategy,fill_model,economic_cash,long_contract,n_long,short_contract,n_short,stock_shares,long_mark,short_mark,stock_mark,long_mv,short_mv,stock_mv,dividend_receivables,dividend_payables,accrued_cost_liabilities,nav,drawdown,daily_return,capital_deployed_cost,delta_dollar,delta_to_nav,long_only,valuation_gaps,unresolved,settled_cash,broker_buying_power
2026-07-06,2026-07-06T16:00:00-04:00,pmcc,midpoint,39881.7,AAPLI172723000.U,1,AAPLG102633000.U^G26,1,0,101.325,0.15500000000000003,312.66,10132.5,-15.500000000000004,0.0,0,0,0.0,49998.7,-2.6000000000081513e-05,-2.6000000000081513e-05,10132.5,25785.070200000002,0.5157148125851273,False,[],False,,
2026-07-07,2026-07-07T16:00:00-04:00,pmcc,midpoint,39881.7,AAPLI172723000.U,1,AAPLG102633000.U^G26,1,0,100.05,0.060000000000000005,310.66,10005.0,-6.000000000000001,0.0,0,0,0.0,49880.7,-0.0023860000000001103,-0.002360061361595389,10132.5,26213.4908,0.5255237155853868,False,[],False,,
2026-07-08,2026-07-08T16:00:00-04:00,pmcc,midpoint,39881.7,AAPLI172723000.U,1,AAPLG102633000.U^G26,1,0,102.275,0.045,313.39,10227.5,-4.5,0.0,0,0,0.0,50104.7,0.0,0.0044907148456216905,10132.5,26700.828,0.5329006660053848,False,[],False,,
2026-07-09,2026-07-09T16:00:00-04:00,pmcc,midpoint,39881.7,AAPLI172723000.U,1,AAPLG102633000.U^G26,1,0,104.125,0.025,316.22,10412.5,-2.5,0.0,0,0,0.0,50291.7,0.0,0.003732184805018246,10132.5,27334.056800000002,0.5435102969277237,False,[],False,,
2026-07-10,2026-07-10T16:00:00-04:00,pmcc,midpoint,39881.7,AAPLI172723000.U,1,,0,0,103.75,0.0,315.32,10375.0,-0.0,0.0,0,0,0.0,50256.7,-0.0006959398867010247,-0.0006959398867010247,10132.5,27527.435999999998,0.5477366400897791,True,[],False,,
2026-07-13,2026-07-13T16:00:00-04:00,pmcc,midpoint,39897.049999999996,AAPLI172723000.U,1,AAPLG172633750.U^G26,1,0,106.05,0.16,317.31,10605.0,-16.0,0.0,0,0,0.0,50486.049999999996,0.0,0.004563570628393743,10132.5,26546.154599999998,0.5258116766908879,False,[],False,,
2026-07-14,2026-07-14T16:00:00-04:00,pmcc,midpoint,39897.049999999996,AAPLI172723000.U,1,AAPLG172633750.U^G26,1,0,103.525,0.04,314.86,10352.5,-4.0,0.0,0,0,0.0,50245.549999999996,-0.004763692148623266,-0.004763692148623266,10132.5,27008.6908,0.5375339865918475,False,[],False,,
2026-07-15,2026-07-15T16:00:00-04:00,pmcc,midpoint,39897.049999999996,AAPLI172723000.U,1,AAPLG172633750.U^G26,1,0,114.82499999999999,0.38,327.5,11482.499999999998,-38.0,0.0,0,0,0.0,51341.549999999996,0.0,0.021812876961243344,10132.5,25695.649999999998,0.5004845003705576,False,[],False,,
2026-07-16,2026-07-16T16:00:00-04:00,pmcc,midpoint,39897.049999999996,AAPLI172723000.U,1,AAPLG172633750.U^G26,1,0,120.325,0.77,333.26,12032.5,-77.0,0.0,0,0,0.0,51852.549999999996,0.0,0.00995295233587612,10132.5,22018.488199999996,0.42463655500067016,False,[],False,,
2026-07-17,2026-07-17T16:00:00-04:00,pmcc,midpoint,39897.049999999996,AAPLI172723000.U,1,,0,0,120.725,0.0,333.74,12072.5,-0.0,0.0,0,0,0.0,51969.549999999996,0.0,0.00225639819063872,10132.5,29883.079599999997,0.5750113210524239,True,[],False,,
2026-07-20,2026-07-20T16:00:00-04:00,pmcc,midpoint,39912.399999999994,AAPLI172723000.U,1,AAPLG242635250.U^G26,1,0,114.5,0.16,326.59,11450.0,-16.0,0.0,0,0,0.0,51346.399999999994,-0.01199067530890685,-0.01199067530890685,10132.5,27851.5952,0.5424254709190908,False,[],False,,
2026-07-21,2026-07-21T16:00:00-04:00,pmcc,midpoint,39912.399999999994,AAPLI172723000.U,1,AAPLG242635250.U^G26,1,0,115.125,0.09,327.74,11512.5,-9.0,0.0,0,0,0.0,51415.899999999994,-0.010653353742720473,0.0013535515634981454,10132.5,28451.1094,0.5533523559832659,False,[],False,,
2026-07-22,2026-07-22T16:00:00-04:00,pmcc,midpoint,39912.399999999994,AAPLI172723000.U,1,AAPLG242635250.U^G26,1,0,114.3,0.02,325.89,11430.0,-2.0,0.0,0,0,0.0,51340.399999999994,-0.012106127530448152,-0.0014684173572766523,10132.5,28538.1873,0.5558621923475471,False,[],False,,
2026-07-23,2026-07-23T16:00:00-04:00,pmcc,midpoint,39912.399999999994,AAPLI172723000.U,1,AAPLG242635250.U^G26,1,0,109.55,,321.66,10955.0,,0.0,0,0,0.0,,,,10132.5,28309.296600000005,,False,"[""SHORT_MARK""]",False,,
2026-07-24,2026-07-24T16:00:00-04:00,pmcc,midpoint,39912.399999999994,AAPLI172723000.U,1,,0,0,120.325,0.0,333.02,12032.5,-0.0,0.0,0,0,0.0,51944.899999999994,,,10132.5,29775.318199999998,0.5732096548458078,True,[],False,,
2026-07-27,2026-07-27T16:00:00-04:00,pmcc,midpoint,40004.24999999999,AAPLI172723000.U,1,AAPLG312635750.U^G26,1,0,123.2,0.925,336.91,12320.0,-92.5,0.0,0,0,0.0,52231.74999999999,,0.005522197559336917,10132.5,26484.4951,0.507057395166733,False,[],False,,
2026-07-28,2026-07-28T16:00:00-04:00,pmcc,midpoint,40004.24999999999,AAPLI172723000.U,1,AAPLG312635750.U^G26,1,0,126.6,1.105,340.08,12660.0,-110.5,0.0,0,0,0.0,52553.74999999999,,0.006164832692758804,10132.5,25873.286399999997,0.4923204604809362,False,[],False,,
2026-07-29,2026-07-29T16:00:00-04:00,pmcc,midpoint,40004.24999999999,AAPLI172723000.U,1,AAPLG312635750.U^G26,1,0,124.2,0.6599999999999999,338.19,12420.0,-65.99999999999999,0.0,0,0,0.0,52358.24999999999,,-0.003720000951406899,10132.5,27227.676900000002,0.5200264886622453,False,[],False,,
2026-07-30,2026-07-30T16:00:00-04:00,pmcc,midpoint,40004.24999999999,AAPLI172723000.U,1,AAPLG312635750.U^G26,1,0,120.0,0.38,333.43,12000.0,-38.0,0.0,0,0,0.0,51966.24999999999,,-0.007486881246030919,10132.5,27878.082300000002,0.5364651538258005,False,[],False,,
2026-07-31,2026-07-31T16:00:00-04:00,pmcc,midpoint,40004.24999999999,AAPLI172723000.U,1,,0,0,97.1,0.0,308.91,9710.0,-0.0,0.0,0,0,0.0,49714.24999999999,,-0.0433358189209343,10132.5,26717.6259,0.5374238955631434,True,[],False,,
2026-08-03,2026-08-03T16:00:00-04:00,pmcc,midpoint,40026.59999999999,AAPLI172723000.U,1,AAPLH072632500.U^H26,1,0,91.95,0.22999999999999998,303.42,9195.0,-23.0,0.0,0,0,0.0,49198.59999999999,,-0.010372277566291332,10132.5,24577.02,0.49954714158532976,False,[],False,,
2026-08-04,2026-08-04T16:00:00-04:00,pmcc,midpoint,40026.59999999999,AAPLI172723000.U,1,AAPLH072632500.U^H26,1,0,97.2,0.275,309.38,9720.0,-27.500000000000004,0.0,0,0,0.0,49719.09999999999,,0.010579569337338945,10132.5,24815.369799999997,0.49911140386692443,False,[],False,,
2026-08-05,2026-08-05T16:00:00-04:00,pmcc,midpoint,40026.59999999999,AAPLI172723000.U,1,AAPLH072632500.U^H26,1,0,98.55,0.21000000000000002,311,9855.0,-21.000000000000004,0.0,0,0,0.0,49860.59999999999,,0.002845988764881069,10132.5,25246.980000000003,0.5063513074451572,False,[],False,,
2026-08-06,2026-08-06T16:00:00-04:00,pmcc,midpoint,40026.59999999999,AAPLI172723000.U,1,AAPLH072632500.U^H26,1,0,100.1,0.04,312.41,10010.0,-4.0,0.0,0,0,0.0,50032.59999999999,,0.003449617533684002,10132.5,26604.835600000006,0.5317500109928329,False,[],False,,
2026-08-07,2026-08-07T16:00:00-04:00,pmcc,midpoint,40026.59999999999,AAPLI172723000.U,1,,0,0,100.725,0.0,313.33,10072.5,-0.0,0.0,0,0,0.0,50099.09999999999,,0.0013291334050198333,10132.5,27316.1094,0.5452415193087302,True,[],False,,
2026-08-10,2026-08-10T16:00:00-04:00,pmcc,midpoint,40033.44999999999,AAPLI172723000.U,1,AAPLH142633000.U^H26,1,0,95.9,0.07500000000000001,308.26,9590.0,-7.500000000000001,0.0,0,0,0.0,49615.94999999999,,-0.009643885818308107,10132.5,26121.9524,0.5264829636437477,False,[],False,,
2026-08-11,2026-08-11T16:00:00-04:00,pmcc,midpoint,40033.44999999999,AAPLI172723000.U,1,AAPLH142633000.U^H26,1,0,91.725,0.025,304.91,9172.5,-2.5,0.0,0,0,0.0,49203.44999999999,,-0.00831385874905144,10132.5,26121.6397,0.5308904091074915,False,[],False,,
2026-08-12,2026-08-12T16:00:00-04:00,pmcc,midpoint,40033.44999999999,AAPLI172723000.U,1,AAPLH142633000.U^H26,1,0,89.125,0.015,302.25,8912.5,-1.5,0.0,0,0,0.0,48944.44999999999,,-0.005263858530245358,10132.5,26014.6575,0.5315139408043201,False,[],False,,
2026-08-13,2026-08-13T16:00:00-04:00,pmcc,midpoint,40033.44999999999,AAPLI172723000.U,1,AAPLH142633000.U^H26,1,0,92.0,,305.26,9200.0,,0.0,0,0,0.0,,,,10132.5,26444.673799999997,,False,"[""SHORT_MARK""]",False,,
2026-08-14,2026-08-14T16:00:00-04:00,pmcc,midpoint,40033.44999999999,AAPLI172723000.U,1,,0,0,93.025,0.0,305.93,9302.5,-0.0,0.0,0,0,0.0,49335.94999999999,,,10132.5,26505.7752,0.5372507309578514,True,[],False,,
2026-08-17,2026-08-17T16:00:00-04:00,pmcc,midpoint,40045.79999999999,AAPLI172723000.U,1,AAPLH212632250.U^H26,1,0,92.875,0.13,305.59,9287.5,-13.0,0.0,0,0,0.0,49320.29999999999,,-0.0003172129045858618,10132.5,25333.411,0.5136507888232635,False,[],False,,
2026-08-18,2026-08-18T16:00:00-04:00,pmcc,midpoint,40045.79999999999,AAPLI172723000.U,1,AAPLH212632250.U^H26,1,0,97.35,0.245,310.03,9735.0,-24.5,0.0,0,0,0.0,49756.29999999999,,0.008840173316058575,10132.5,24802.399999999998,0.49847757972357276,False,[],False,,
2026-08-19,2026-08-19T16:00:00-04:00,pmcc,midpoint,40045.79999999999,AAPLI172723000.U,1,AAPLH212632250.U^H26,1,0,103.15,0.85,316.83,10315.0,-85.0,0.0,0,0,0.0,50275.79999999999,,0.010440888892461864,10132.5,21107.2146,0.4198285178952897,False,[],False,,
2026-08-20,2026-08-20T16:00:00-04:00,pmcc,midpoint,40045.79999999999,AAPLI172723000.U,1,AAPLH212632250.U^H26,1,0,98.5,0.07,311.3,9850.0,-7.000000000000001,0.0,0,0,0.0,49888.79999999999,,-0.007697540367333833,10132.5,26139.861,0.523962512628085,False,[],False,,
2026-08-21,2026-08-21T16:00:00-04:00,pmcc,midpoint,40045.79999999999,AAPLI172723000.U,1,,0,0,96.55,0.0,309.35,9655.0,-0.0,0.0,0,0,0.0,49700.79999999999,,-0.0037683808790750506,10132.5,26876.328,0.5407624826964558,True,[],False,,
2026-08-24,2026-08-24T16:00:00-04:00,pmcc,midpoint,40054.64999999999,AAPLI172723000.U,1,AAPLH282633000.U^H26,1,0,97.55,0.095,310.34,9755.0,-9.5,0.0,0,0,0.0,49800.14999999999,,0.001998961787335496,10132.5,26186.489199999996,0.525831532635946,False,[],False,,
2026-08-25,2026-08-25T16:00:00-04:00,pmcc,midpoint,40054.64999999999,AAPLI172723000.U,1,AAPLH282633000.U^H26,1,0,96.125,0.055,309.9,9612.5,-5.5,0.0,0,0,0.0,49661.64999999999,,-0.0027811161211361846,10132.5,26598.716999999997,0.5355987366509168,False,[],False,,
2026-08-26,2026-08-26T16:00:00-04:00,pmcc,midpoint,40054.64999999999,AAPLI172723000.U,1,AAPLH282633000.U^H26,1,0,100.2,0.07,313.45,10020.0,-7.000000000000001,0.0,0,0,0.0,50067.64999999999,,0.008175322406726249,10132.5,26699.671,0.5332719031150854,False,[],False,,
2026-08-27,2026-08-27T16:00:00-04:00,pmcc,midpoint,40054.64999999999,AAPLI172723000.U,1,AAPLH282633000.U^H26,1,0,100.6,,314.58,10060.0,,0.0,0,0,0.0,,,,10132.5,27560.353799999997,,False,"[""SHORT_MARK""]",False,,
2026-08-28,2026-08-28T16:00:00-04:00,pmcc,midpoint,40054.64999999999,AAPLI172723000.U,1,,0,0,105.575,0.0,319.7,10557.5,-0.0,0.0,0,0,0.0,50612.14999999999,,,10132.5,28421.33,0.5615515246833025,True,[],False,,
2026-08-31,2026-08-31T16:00:00-04:00,pmcc,midpoint,40059.999999999985,AAPLI172723000.U,1,AAPLI042633750.U^I26,1,0,102.775,0.060000000000000005,316.85,10277.5,-6.000000000000001,0.0,0,0,0.0,50331.499999999985,,-0.00554511120353518,10132.5,27502.58,0.546428777207117,False,[],False,,
2026-09-01,2026-09-01T16:00:00-04:00,pmcc,midpoint,40059.999999999985,AAPLI172723000.U,1,AAPLI042633750.U^I26,1,0,110.275,0.29500000000000004,325.13,11027.5,-29.500000000000004,0.0,0,0,0.0,51057.999999999985,,0.014434300587107485,10132.5,26693.173000000003,0.5228009910298095,False,[],False,,
2026-09-02,2026-09-02T16:00:00-04:00,pmcc,midpoint,40059.999999999985,AAPLI172723000.U,1,AAPLI042633750.U^I26,1,0,110.475,0.135,324.96,11047.5,-13.5,0.0,0,0,0.0,51093.999999999985,,0.000705080496689936,10132.5,27761.332799999996,0.5433384115551729,False,[],False,,
2026-09-03,2026-09-03T16:00:00-04:00,pmcc,midpoint,40059.999999999985,AAPLI172723000.U,1,AAPLI042633750.U^I26,1,0,113.075,0.065,328.21,11307.5,-6.5,0.0,0,0,0.0,51360.999999999985,,0.005225662504403594,10132.5,28501.756399999995,0.5549299351648138,False,[],False,,
2026-09-04,2026-09-04T16:00:00-04:00,pmcc,midpoint,40059.999999999985,AAPLI172723000.U,1,,0,0,105.9,0.0,319.97,10590.0,-0.0,0.0,0,0,0.0,50649.999999999985,,-0.01384318841144061,10132.5,28384.5387,0.5604055024679172,True,[],False,,
2026-09-08,2026-09-08T16:00:00-04:00,pmcc,midpoint,40059.999999999985,AAPLI172723000.U,1,,0,0,101.975,0.0,316.22,10197.5,-0.0,0.0,0,0,0.0,50257.499999999985,,-0.007749259624876603,10132.5,27975.9834,0.5566529055364873,True,[],False,,
2026-09-09,2026-09-09T16:00:00-04:00,pmcc,midpoint,40059.999999999985,AAPLI172723000.U,1,,0,0,101.2,0.0,315.34,10120.0,-0.0,0.0,0,0,0.0,50179.999999999985,,-0.0015420583992439285,10132.5,27853.9822,0.5550813511359108,True,[],False,,
2026-09-10,2026-09-10T16:00:00-04:00,pmcc,midpoint,40059.999999999985,AAPLI172723000.U,1,,0,0,111.5,0.0,326.57,11150.0,-0.0,0.0,0,0,0.0,51209.999999999985,,0.020526106018333934,10132.5,29459.8797,0.5752759168131226,True,[],False,,
2026-09-11,2026-09-11T16:00:00-04:00,pmcc,midpoint,40059.999999999985,AAPLI172723000.U,1,,0,0,117.225,0.0,332.27,11722.5,-0.0,0.0,0,0,0.0,51782.499999999985,,0.01117945713727786,10132.5,30123.598199999997,0.5817331762661132,True,[],False,,
2026-09-14,2026-09-14T16:00:00-04:00,pmcc,midpoint,40059.999999999985,AAPLI172723000.U,1,,0,0,118.225,0.0,333.08,11822.5,-0.0,0.0,0,0,0.0,51882.499999999985,,0.0019311543475111215,10132.5,30157.063199999997,0.5812569402014167,True,[],False,,
2026-09-15,2026-09-15T16:00:00-04:00,pmcc,midpoint,40059.999999999985,AAPLI172723000.U,1,,0,0,116.375,0.0,331.34,11637.5,-0.0,0.0,0,0,0.0,51697.499999999985,,-0.0035657495301884,10132.5,29986.269999999997,0.5800332704676242,True,[],False,,
2026-09-16,2026-09-16T16:00:00-04:00,pmcc,midpoint,40059.999999999985,AAPLI172723000.U,1,,0,0,116.8,0.0,332.41,11680.0,-0.0,0.0,0,0,0.0,51739.999999999985,,0.0008220900430389033,10132.5,30325.764300000003,0.5861183668341711,True,[],False,,
2026-09-17,2026-09-17T16:00:00-04:00,pmcc,midpoint,40059.999999999985,AAPLI172723000.U,1,,0,0,121.9,0.0,337,12190.0,-0.0,0.0,0,0,0.0,52249.999999999985,,0.009856977193660521,10132.5,30667.0,0.586928229665072,True,[],False,,
2026-09-18,2026-09-18T16:00:00-04:00,pmcc,midpoint,40059.999999999985,AAPLI172723000.U,1,,0,0,120.6,0.0,336.13,12060.0,-0.0,0.0,0,0,0.0,52119.999999999985,,-0.0024880382775119836,10132.5,30708.8368,0.5891948733691483,True,[],False,,
2026-09-21,2026-09-21T16:00:00-04:00,pmcc,midpoint,40059.999999999985,AAPLI172723000.U,1,,0,0,122.82499999999999,0.0,338.98,12282.499999999998,-0.0,0.0,0,0,0.0,52342.499999999985,,0.0042689946277820745,10132.5,31186.160000000003,0.595809523809524,True,[],False,,
2026-09-22,2026-09-22T16:00:00-04:00,pmcc,midpoint,40059.999999999985,AAPLI172723000.U,1,,0,0,123.975,0.0,339.75,12397.5,-0.0,0.0,0,0,0.0,52457.499999999985,,0.0021970673926541284,10132.5,31141.485,0.5936517180574753,True,[],False,,
2026-09-23,2026-09-23T16:00:00-04:00,pmcc,midpoint,40059.999999999985,AAPLI172723000.U,1,,0,0,120.875,0.0,337.02,12087.5,-0.0,0.0,0,0,0.0,52147.499999999985,,-0.005909545822808893,10132.5,30995.729399999997,0.5943857212713938,True,[],False,,
2026-09-24,2026-09-24T16:00:00-04:00,pmcc,midpoint,40059.999999999985,AAPLI172723000.U,1,,0,0,120.4,0.0,335.92,12040.0,-0.0,0.0,0,0,0.0,52099.999999999985,,-0.0009108777985521455,10132.5,30689.6512,0.5890528061420347,True,[],False,,
2026-09-25,2026-09-25T16:00:00-04:00,pmcc,midpoint,40059.999999999985,AAPLI172723000.U,1,,0,0,124.475,0.0,341.07,12447.5,-0.0,0.0,0,0,0.0,52507.499999999985,,0.007821497120921395,10132.5,31542.153599999994,0.6007171089844309,True,[],False,,
2026-09-28,2026-09-28T16:00:00-04:00,pmcc,midpoint,40059.999999999985,AAPLI172723000.U,1,,0,0,122.5,0.0,338.4,12250.0,-0.0,0.0,0,0,0.0,52309.999999999985,,-0.0037613674237013672,10132.5,31048.199999999997,0.5935423437201301,True,[],False,,
2026-09-29,2026-09-29T16:00:00-04:00,pmcc,midpoint,40059.999999999985,AAPLI172723000.U,1,,0,0,113.9,0.0,329.4,11390.0,-0.0,0.0,0,0,0.0,51449.999999999985,,-0.01644045115656667,10132.5,29893.05,0.5810116618075803,True,[],False,,
2026-09-30,2026-09-30T16:00:00-04:00,pmcc,midpoint,51774.349999999984,,0,,0,0,0.0,0.0,333.02,0.0,-0.0,0.0,0,0,0.0,51774.349999999984,,0.006304178814382944,0,0.0,0.0,False,[],False,,
2026-07-06,2026-07-06T16:00:00-04:00,covered_call,midpoint,18745.723399999995,,0,AAPLG102633000.U^G26,1,100,0.0,0.15500000000000003,312.66,0.0,-15.500000000000004,31266.000000000004,0,0,0.0,49996.2234,-7.553199999998927e-05,-7.553199999998927e-05,31266.000000000004,30009.106800000005,0.600227472381444,False,[],False,,
2026-07-07,2026-07-07T16:00:00-04:00,covered_call,midpoint,18745.723399999995,,0,AAPLG102633000.U^G26,1,100,0.0,0.060000000000000005,310.66,0.0,-6.000000000000001,31066.000000000004,0,0,0.0,49805.7234,-0.0038855319999999693,-0.0038102877986579964,31266.000000000004,30485.0658,0.6120795707587293,False,[],False,,
2026-07-08,2026-07-08T16:00:00-04:00,covered_call,midpoint,18745.723399999995,,0,AAPLG102633000.U^G26,1,100,0.0,0.045,313.39,0.0,-4.5,31339.0,0,0,0.0,50080.223399999995,0.0,0.005511414778486934,31266.000000000004,30821.906499999997,0.6154506591118761,False,[],False,,
2026-07-09,2026-07-09T16:00:00-04:00,covered_call,midpoint,18745.723399999995,,0,AAPLG102633000.U^G26,1,100,0.0,0.025,316.22,0.0,-2.5,31622.000000000004,0,0,0.0,50365.2234,0.0,0.00569086918250461,31266.000000000004,31245.698200000003,0.620382400607003,False,[],False,,
2026-07-10,2026-07-10T16:00:00-04:00,covered_call,midpoint,18745.723399999995,,0,,0,100,0.0,0.0,315.32,0.0,-0.0,31532.0,0,0,0.0,50277.723399999995,-0.0017373098756077177,-0.0017373098756077177,31266.000000000004,31532.0,0.627156479404157,False,[],False,,
2026-07-13,2026-07-13T16:00:00-04:00,covered_call,midpoint,18761.073399999994,,0,AAPLG172633750.U^G26,1,100,0.0,0.16,317.31,0.0,-16.0,31731.0,0,0,0.0,50476.073399999994,0.0,0.003945087139725079,31266.000000000004,30556.952999999998,0.6053750012971493,False,[],False,,
2026-07-14,2026-07-14T16:00:00-04:00,covered_call,midpoint,18761.073399999994,,0,AAPLG172633750.U^G26,1,100,0.0,0.04,314.86,0.0,-4.0,31486.0,0,0,0.0,50243.073399999994,-0.0046160484424685455,-0.0046160484424685455,31266.000000000004,31111.316600000002,0.6192160330701427,False,[],False,,
2026-07-15,2026-07-15T16:00:00-04:00,covered_call,midpoint,18761.073399999994,,0,AAPLG172633750.U^G26,1,100,0.0,0.38,327.5,0.0,-38.0,32750.0,0,0,0.0,51473.073399999994,0.0,0.024480986467678933,31266.000000000004,29357.1,0.5703389764948444,False,[],False,,
2026-07-16,2026-07-16T16:00:00-04:00,covered_call,midpoint,18761.073399999994,,0,AAPLG172633750.U^G26,1,100,0.0,0.77,333.26,0.0,-77.0,33326.0,0,0,0.0,52010.073399999994,0.0,0.010432639135940835,31266.000000000004,25547.7116,0.49120698991361167,False,[],False,,
2026-07-17,2026-07-17T16:00:00-04:00,covered_call,midpoint,18761.073399999994,,0,,0,100,0.0,0.0,333.74,0.0,-0.0,33374.0,0,0,0.0,52135.073399999994,0.0,0.0024033805728103097,31266.000000000004,33374.0,0.6401448741414835,False,[],False,,
2026-07-20,2026-07-20T16:00:00-04:00,covered_call,midpoint,18776.423399999992,,0,AAPLG242635250.U^G26,1,100,0.0,0.16,326.59,0.0,-16.0,32658.999999999996,0,0,0.0,51419.423399999985,-0.013726843626156837,-0.013726843626156837,31266.000000000004,31643.305099999998,0.6153959536621332,False,[],False,,
2026-07-21,2026-07-21T16:00:00-04:00,covered_call,midpoint,18776.423399999992,,0,AAPLG242635250.U^G26,1,100,0.0,0.09,327.74,0.0,-9.0,32774.0,0,0,0.0,51541.42339999999,-0.011386768278722759,0.002372644264229784,31266.000000000004,32089.0234,0.6225870626615252,False,[],False,,
2026-07-22,2026-07-22T16:00:00-04:00,covered_call,midpoint,18776.423399999992,,0,AAPLG242635250.U^G26,1,100,0.0,0.02,325.89,0.0,-2.0,32589.0,0,0,0.0,51363.42339999999,-0.014800976572519775,-0.003453532872357612,31266.000000000004,32393.466,0.6306718644458579,False,[],False,,
2026-07-23,2026-07-23T16:00:00-04:00,covered_call,midpoint,18776.423399999992,,0,AAPLG242635250.U^G26,1,100,0.0,,321.66,0.0,,32166.000000000004,0,0,0.0,,,,31266.000000000004,32111.3178,,False,"[""SHORT_MARK""]",False,,
2026-07-24,2026-07-24T16:00:00-04:00,covered_call,midpoint,18776.423399999992,,0,,0,100,0.0,0.0,333.02,0.0,-0.0,33302.0,0,0,0.0,52078.42339999999,,,31266.000000000004,33302.0,0.6394586822303842,False,[],False,,
2026-07-27,2026-07-27T16:00:00-04:00,covered_call,midpoint,18868.27339999999,,0,AAPLG312635750.U^G26,1,100,0.0,0.925,336.91,0.0,-92.5,33691.0,0,0,0.0,52466.77339999999,,0.007457022978925254,31266.000000000004,29752.522100000002,0.5670736005275294,False,[],False,,
2026-07-28,2026-07-28T16:00:00-04:00,covered_call,midpoint,18868.27339999999,,0,AAPLG312635750.U^G26,1,100,0.0,1.105,340.08,0.0,-110.5,34008.0,0,0,0.0,52765.77339999999,,0.005698844823569749,31266.000000000004,29189.0664,0.55318181690861,False,[],False,,
2026-07-29,2026-07-29T16:00:00-04:00,covered_call,midpoint,18868.27339999999,,0,AAPLG312635750.U^G26,1,100,0.0,0.6599999999999999,338.19,0.0,-65.99999999999999,33819.0,0,0,0.0,52621.27339999999,,-0.00273851761642141,31266.000000000004,30487.828500000003,0.579382187661008,False,[],False,,
2026-07-30,2026-07-30T16:00:00-04:00,covered_call,midpoint,18868.27339999999,,0,AAPLG312635750.U^G26,1,100,0.0,0.38,333.43,0.0,-38.0,33343.0,0,0,0.0,52173.27339999999,,-0.008513667021976756,31266.000000000004,31339.0857,0.6006731734029939,False,[],False,,
2026-07-31,2026-07-31T16:00:00-04:00,covered_call,midpoint,18868.27339999999,,0,,0,100,0.0,0.0,308.91,0.0,-0.0,30891.000000000004,0,0,0.0,49759.27339999999,,-0.04626890058234301,31266.000000000004,30891.000000000004,0.6208089043358099,False,[],False,,
2026-08-03,2026-08-03T16:00:00-04:00,covered_call,midpoint,18890.62339999999,,0,AAPLH072632500.U^H26,1,100,0.0,0.22999999999999998,303.42,0.0,-23.0,30342.0,0,0,0.0,49209.62339999999,,-0.011046182197668508,31266.000000000004,28949.302200000002,0.5882853840332378,False,[],False,,
2026-08-04,2026-08-04T16:00:00-04:00,covered_call,midpoint,18890.62339999999,,0,AAPLH072632500.U^H26,1,100,0.0,0.275,309.38,0.0,-27.500000000000004,30938.0,0,0,0.0,49801.12339999999,,0.012020006639595682,31266.000000000004,28957.967999999997,0.5814721842198444,False,[],False,,
2026-08-05,2026-08-05T16:00:00-04:00,covered_call,midpoint,18890.62339999999,,0,AAPLH072632500.U^H26,1,100,0.0,0.21000000000000002,311,0.0,-21.000000000000004,31100,0,0,0.0,49969.62339999999,,0.0033834578117166725,31266.000000000004,29321.08,0.5867780864644261,False,[],False,,
2026-08-06,2026-08-06T16:00:00-04:00,covered_call,midpoint,18890.62339999999,,0,AAPLH072632500.U^H26,1,100,0.0,0.04,312.41,0.0,-4.0,31241.000000000004,0,0,0.0,50127.6234,,0.003161920968169696,31266.000000000004,30663.041500000003,0.6116994866347485,False,[],False,,
2026-08-07,2026-08-07T16:00:00-04:00,covered_call,midpoint,18890.62339999999,,0,,0,100,0.0,0.0,313.33,0.0,-0.0,31333.0,0,0,0.0,50223.62339999999,,0.0019151117385707295,31266.000000000004,31333.0,0.6238697624512692,False,[],False,,
2026-08-10,2026-08-10T16:00:00-04:00,covered_call,midpoint,18897.473399999988,,0,AAPLH142633000.U^H26,1,100,0.0,0.07500000000000001,308.26,0.0,-7.500000000000001,30826.0,27.0,0,0.0,49742.97339999999,,-0.009570197597491559,31266.000000000004,30209.48,0.6073115042214184,False,[],False,,
2026-08-11,2026-08-11T16:00:00-04:00,covered_call,midpoint,18897.473399999988,,0,AAPLH142633000.U^H26,1,100,0.0,0.025,304.91,0.0,-2.5,30491.000000000004,27.0,0,0.0,49412.97339999999,,-0.006634102817826282,31266.000000000004,30259.2684,0.612374976001748,False,[],False,,
2026-08-12,2026-08-12T16:00:00-04:00,covered_call,midpoint,18897.473399999988,,0,AAPLH142633000.U^H26,1,100,0.0,0.015,302.25,0.0,-1.5,30225.0,27.0,0,0.0,49147.97339999999,,-0.005362964051056296,31266.000000000004,30085.965,0.6121506731343679,False,[],False,,
2026-08-13,2026-08-13T16:00:00-04:00,covered_call,midpoint,18924.473399999988,,0,AAPLH142633000.U^H26,1,100,0.0,,305.26,0.0,,30526.0,0,0,0.0,,,,31266.000000000004,30464.947999999997,,False,"[""SHORT_MARK""]",False,,
2026-08-14,2026-08-14T16:00:00-04:00,covered_call,midpoint,18924.473399999988,,0,,0,100,0.0,0.0,305.93,0.0,-0.0,30593.0,0,0,0.0,49517.47339999999,,,31266.000000000004,30593.0,0.617822314011684,False,[],False,,
2026-08-17,2026-08-17T16:00:00-04:00,covered_call,midpoint,18936.823399999987,,0,AAPLH212632250.U^H26,1,100,0.0,0.13,305.59,0.0,-13.0,30558.999999999996,0,0,0.0,49482.82339999998,,-0.0006997529886088039,31266.000000000004,29474.155499999997,0.595644174580386,False,[],False,,
2026-08-18,2026-08-18T16:00:00-04:00,covered_call,midpoint,18936.823399999987,,0,AAPLH212632250.U^H26,1,100,0.0,0.245,310.03,0.0,-24.5,31002.999999999996,0,0,0.0,49915.32339999998,,0.008740406676147838,31266.000000000004,28876.194199999998,0.5785035983559311,False,[],False,,
2026-08-19,2026-08-19T16:00:00-04:00,covered_call,midpoint,18936.823399999987,,0,AAPLH212632250.U^H26,1,100,0.0,0.85,316.83,0.0,-85.0,31683.0,0,0,0.0,50534.82339999999,,0.012411018456909506,31266.000000000004,24858.4818,0.49190795826546824,False,[],False,,
2026-08-20,2026-08-20T16:00:00-04:00,covered_call,midpoint,18936.823399999987,,0,AAPLH212632250.U^H26,1,100,0.0,0.07,311.3,0.0,-7.000000000000001,31130.0,0,0,0.0,50059.82339999999,,-0.009399458987720544,31266.000000000004,30177.422,0.6028271765736993,False,[],False,,
2026-08-21,2026-08-21T16:00:00-04:00,covered_call,midpoint,18936.823399999987,,0,,0,100,0.0,0.0,309.35,0.0,-0.0,30935.000000000004,0,0,0.0,49871.823399999994,,-0.003755506656461627,31266.000000000004,30935.000000000004,0.6202901336067854,False,[],False,,
2026-08-24,2026-08-24T16:00:00-04:00,covered_call,midpoint,18945.673399999985,,0,AAPLH282633000.U^H26,1,100,0.0,0.095,310.34,0.0,-9.5,31033.999999999996,0,0,0.0,49970.173399999985,,0.0019720554271931423,31266.000000000004,30236.426199999998,0.6050894792372284,False,[],False,,
2026-08-25,2026-08-25T16:00:00-04:00,covered_call,midpoint,18945.673399999985,,0,AAPLH282633000.U^H26,1,100,0.0,0.055,309.9,0.0,-5.5,30989.999999999996,0,0,0.0,49930.173399999985,,-0.0008004775104503148,31266.000000000004,30472.466999999997,0.6103016457779817,False,[],False,,
2026-08-26,2026-08-26T16:00:00-04:00,covered_call,midpoint,18945.673399999985,,0,AAPLH282633000.U^H26,1,100,0.0,0.07,313.45,0.0,-7.000000000000001,31345.0,0,0,0.0,50283.673399999985,,0.007079887289155762,31266.000000000004,30620.9305,0.6089636740819339,False,[],False,,
2026-08-27,2026-08-27T16:00:00-04:00,covered_call,midpoint,18945.673399999985,,0,AAPLH282633000.U^H26,1,100,0.0,,314.58,0.0,,31458.0,0,0,0.0,,,,31266.000000000004,31294.4184,,False,"[""SHORT_MARK""]",False,,
2026-08-28,2026-08-28T16:00:00-04:00,covered_call,midpoint,18945.673399999985,,0,,0,100,0.0,0.0,319.7,0.0,-0.0,31970.0,0,0,0.0,50915.673399999985,,,31266.000000000004,31970.0,0.6279009559362915,False,[],False,,
2026-08-31,2026-08-31T16:00:00-04:00,covered_call,midpoint,18951.023399999984,,0,AAPLI042633750.U^I26,1,100,0.0,0.060000000000000005,316.85,0.0,-6.000000000000001,31685.000000000004,0,0,0.0,50630.02339999999,,-0.005610256742671238,31266.000000000004,31130.5125,0.6148626923210153,False,[],False,,
2026-09-01,2026-09-01T16:00:00-04:00,covered_call,midpoint,18951.023399999984,,0,AAPLI042633750.U^I26,1,100,0.0,0.29500000000000004,325.13,0.0,-29.500000000000004,32513.0,0,0,0.0,51434.523399999984,,0.015889781318963347,31266.000000000004,29986.7399,0.5830080249173654,False,[],False,,
2026-09-02,2026-09-02T16:00:00-04:00,covered_call,midpoint,18951.023399999984,,0,AAPLI042633750.U^I26,1,100,0.0,0.135,324.96,0.0,-13.5,32495.999999999996,0,0,0.0,51433.52339999998,,-1.944219434546479e-05,31266.000000000004,31023.9312,0.6031850269857268,False,[],False,,
2026-09-03,2026-09-03T16:00:00-04:00,covered_call,midpoint,18951.023399999984,,0,AAPLI042633750.U^I26,1,100,0.0,0.065,328.21,0.0,-6.5,32821.0,0,0,0.0,51765.523399999984,,0.0064549340207171735,31266.000000000004,31734.6249,0.6130455719491481,False,[],False,,
2026-09-04,2026-09-04T16:00:00-04:00,covered_call,midpoint,18951.023399999984,,0,,0,100,0.0,0.0,319.97,0.0,-0.0,31997.000000000004,0,0,0.0,50948.02339999999,,-0.015792364228273126,31266.000000000004,31997.000000000004,0.6280322152792293,False,[],False,,
2026-09-08,2026-09-08T16:00:00-04:00,covered_call,midpoint,18951.023399999984,,0,,0,100,0.0,0.0,316.22,0.0,-0.0,31622.000000000004,0,0,0.0,50573.02339999999,,-0.007360442564293912,31266.000000000004,31622.000000000004,0.6252740665688579,False,[],False,,
2026-09-09,2026-09-09T16:00:00-04:00,covered_call,midpoint,18951.023399999984,,0,,0,100,0.0,0.0,315.34,0.0,-0.0,31533.999999999996,0,0,0.0,50485.02339999998,,-0.0017400581196024278,31266.000000000004,31533.999999999996,0.6246208850920333,False,[],False,,
2026-09-10,2026-09-10T16:00:00-04:00,covered_call,midpoint,18951.023399999984,,0,,0,100,0.0,0.0,326.57,0.0,-0.0,32657.0,0,0,0.0,51608.023399999984,,0.022244220649405566,31266.000000000004,32657.0,0.6327892030834882,False,[],False,,
2026-09-11,2026-09-11T16:00:00-04:00,covered_call,midpoint,18951.023399999984,,0,,0,100,0.0,0.0,332.27,0.0,-0.0,33227.0,0,0,0.0,52178.023399999984,,0.011044794248020073,31266.000000000004,33227.0,0.6368006650094762,False,[],False,,
2026-09-14,2026-09-14T16:00:00-04:00,covered_call,midpoint,18951.023399999984,,0,,0,100,0.0,0.0,333.08,0.0,-0.0,33308.0,0,0,0.0,52259.023399999984,,0.001552377700838603,31266.000000000004,33308.0,0.6373636136491599,False,[],False,,
2026-09-15,2026-09-15T16:00:00-04:00,covered_call,midpoint,18951.023399999984,,0,,0,100,0.0,0.0,331.34,0.0,-0.0,33134.0,0,0,0.0,52085.023399999984,,-0.003329568535335503,31266.000000000004,33134.0,0.6361521573205247,False,[],False,,
2026-09-16,2026-09-16T16:00:00-04:00,covered_call,midpoint,18951.023399999984,,0,,0,100,0.0,0.0,332.41,0.0,-0.0,33241.0,0,0,0.0,52192.023399999984,,0.0020543333383622464,31266.000000000004,33241.0,0.6368980896801179,False,[],False,,
2026-09-17,2026-09-17T16:00:00-04:00,covered_call,midpoint,18951.023399999984,,0,,0,100,0.0,0.0,337,0.0,-0.0,33700,0,0,0.0,52651.023399999984,,0.008794447313954956,31266.000000000004,33700.0,0.6400635319844517,False,[],False,,
2026-09-18,2026-09-18T16:00:00-04:00,covered_call,midpoint,18951.023399999984,,0,,0,100,0.0,0.0,336.13,0.0,-0.0,33613.0,0,0,0.0,52564.023399999984,,-0.0016523895336096883,31266.000000000004,33613.0,0.6394677923379817,False,[],False,,
2026-09-21,2026-09-21T16:00:00-04:00,covered_call,midpoint,18951.023399999984,,0,,0,100,0.0,0.0,338.98,0.0,-0.0,33898.0,0,0,0.0,52849.023399999984,,0.005421959385247588,31266.000000000004,33898.0,0.6414120416840098,False,[],False,,
2026-09-22,2026-09-22T16:00:00-04:00,covered_call,midpoint,18951.023399999984,,0,,0,100,0.0,0.0,339.75,0.0,-0.0,33975.0,0,0,0.0,52926.023399999984,,0.0014569805655102464,31266.000000000004,33975.0,0.6419337372699724,False,[],False,,
2026-09-23,2026-09-23T16:00:00-04:00,covered_call,midpoint,18951.023399999984,,0,,0,100,0.0,0.0,337.02,0.0,-0.0,33702.0,0,0,0.0,52653.023399999984,,-0.005158143054443065,31266.000000000004,33702.0,0.6400772039996474,False,[],False,,
2026-09-24,2026-09-24T16:00:00-04:00,covered_call,midpoint,18951.023399999984,,0,,0,100,0.0,0.0,335.92,0.0,-0.0,33592.0,0,0,0.0,52543.023399999984,,-0.0020891487876079085,31266.000000000004,33592.0,0.6393236975396435,False,[],False,,
2026-09-25,2026-09-25T16:00:00-04:00,covered_call,midpoint,18951.023399999984,,0,,0,100,0.0,0.0,341.07,0.0,-0.0,34107.0,0,0,0.0,53058.023399999984,,0.009801491552539732,31266.000000000004,34107.0,0.6428245496985477,False,[],False,,
2026-09-28,2026-09-28T16:00:00-04:00,covered_call,midpoint,18951.023399999984,,0,,0,100,0.0,0.0,338.4,0.0,-0.0,33840.0,0,0,0.0,52791.023399999984,,-0.0050322266622544465,31266.000000000004,33840.0,0.6410180712655025,False,[],False,,
2026-09-29,2026-09-29T16:00:00-04:00,covered_call,midpoint,18951.023399999984,,0,,0,100,0.0,0.0,329.4,0.0,-0.0,32940.0,0,0,0.0,51891.023399999984,,-0.01704835295918894,31266.000000000004,32940.0,0.6347918742338778,False,[],False,,
2026-09-30,2026-09-30T16:00:00-04:00,covered_call,midpoint,52249.69319999999,,0,,0,0,0.0,0.0,333.02,0.0,-0.0,0.0,0,0,0.0,52249.69319999999,,0.0069119816203124795,0,0.0,0.0,False,[],False,,
2026-07-06,2026-07-06T16:00:00-04:00,buy_hold,midpoint,18730.873399999997,,0,,0,100,0.0,0.0,312.66,0.0,-0.0,31266.000000000004,0,0,0.0,49996.8734,-6.253200000005954e-05,-6.253200000005954e-05,31266.000000000004,31266.000000000004,0.6253591049555512,False,[],False,,
2026-07-07,2026-07-07T16:00:00-04:00,buy_hold,midpoint,18730.873399999997,,0,,0,100,0.0,0.0,310.66,0.0,-0.0,31066.000000000004,0,0,0.0,49796.8734,-0.004062532000000063,-0.004000250143642026,31266.000000000004,31066.000000000004,0.6238544285794458,False,[],False,,
2026-07-08,2026-07-08T16:00:00-04:00,buy_hold,midpoint,18730.873399999997,,0,,0,100,0.0,0.0,313.39,0.0,-0.0,31339.0,0,0,0.0,50069.8734,0.0,0.005482271905046909,31266.000000000004,31339.0,0.6259053173479764,False,[],False,,
2026-07-09,2026-07-09T16:00:00-04:00,buy_hold,midpoint,18730.873399999997,,0,,0,100,0.0,0.0,316.22,0.0,-0.0,31622.000000000004,0,0,0.0,50352.8734,0.0,0.005652101369203688,31266.000000000004,31622.000000000004,0.6280078546619746,False,[],False,,
2026-07-10,2026-07-10T16:00:00-04:00,buy_hold,midpoint,18730.873399999997,,0,,0,100,0.0,0.0,315.32,0.0,-0.0,31532.0,0,0,0.0,50262.8734,-0.001787385583441159,-0.001787385583441159,31266.000000000004,31532.0,0.6273417707154005,False,[],False,,
2026-07-13,2026-07-13T16:00:00-04:00,buy_hold,midpoint,18730.873399999997,,0,,0,100,0.0,0.0,317.31,0.0,-0.0,31731.0,0,0,0.0,50461.8734,0.0,0.003959184713064889,31266.000000000004,31731.0,0.628811375044986,False,[],False,,
2026-07-14,2026-07-14T16:00:00-04:00,buy_hold,midpoint,18730.873399999997,,0,,0,100,0.0,0.0,314.86,0.0,-0.0,31486.0,0,0,0.0,50216.8734,-0.004855150700766475,-0.004855150700766475,31266.000000000004,31486.0,0.6270004058038389,False,[],False,,
2026-07-15,2026-07-15T16:00:00-04:00,buy_hold,midpoint,18730.873399999997,,0,,0,100,0.0,0.0,327.5,0.0,-0.0,32750.0,0,0,0.0,51480.8734,0.0,0.025170822363464795,31266.000000000004,32750.0,0.6361585932223132,False,[],False,,
2026-07-16,2026-07-16T16:00:00-04:00,buy_hold,midpoint,18730.873399999997,,0,,0,100,0.0,0.0,333.26,0.0,-0.0,33326.0,0,0,0.0,52056.8734,0.0,0.01118862136476495,31266.000000000004,33326.0,0.640184433358612,False,[],False,,
2026-07-17,2026-07-17T16:00:00-04:00,buy_hold,midpoint,18730.873399999997,,0,,0,100,0.0,0.0,333.74,0.0,-0.0,33374.0,0,0,0.0,52104.8734,0.0,0.0009220684390929268,31266.000000000004,33374.0,0.6405159022994575,False,[],False,,
2026-07-20,2026-07-20T16:00:00-04:00,buy_hold,midpoint,18730.873399999997,,0,,0,100,0.0,0.0,326.59,0.0,-0.0,32658.999999999996,0,0,0.0,51389.8734,-0.013722324867984415,-0.013722324867984415,31266.000000000004,32658.999999999996,0.6355143112689591,False,[],False,,
2026-07-21,2026-07-21T16:00:00-04:00,buy_hold,midpoint,18730.873399999997,,0,,0,100,0.0,0.0,327.74,0.0,-0.0,32774.0,0,0,0.0,51504.8734,-0.011515237651455457,0.002237794966040818,31266.000000000004,32774.0,0.6363281343392255,False,[],False,,
2026-07-22,2026-07-22T16:00:00-04:00,buy_hold,midpoint,18730.873399999997,,0,,0,100,0.0,0.0,325.89,0.0,-0.0,32589.0,0,0,0.0,51319.8734,-0.015065769260654172,-0.0035918931120021425,31266.000000000004,32589.0,0.6350171549721711,False,[],False,,
2026-07-23,2026-07-23T16:00:00-04:00,buy_hold,midpoint,18730.873399999997,,0,,0,100,0.0,0.0,321.66,0.0,-0.0,32166.000000000004,0,0,0.0,50896.8734,-0.02318401180493035,-0.008242420956556806,31266.000000000004,32166.000000000004,0.6319838106204773,False,[],False,,
2026-07-24,2026-07-24T16:00:00-04:00,buy_hold,midpoint,18730.873399999997,,0,,0,100,0.0,0.0,333.02,0.0,-0.0,33302.0,0,0,0.0,52032.8734,-0.0013818285181746992,0.022319642133459716,31266.000000000004,33302.0,0.640018469554672,False,[],False,,
2026-07-27,2026-07-27T16:00:00-04:00,buy_hold,midpoint,18730.873399999997,,0,,0,100,0.0,0.0,336.91,0.0,-0.0,33691.0,0,0,0.0,52421.8734,0.0,0.0074760430201419314,31266.000000000004,33691.0,0.6426897364564618,False,[],False,,
2026-07-28,2026-07-28T16:00:00-04:00,buy_hold,midpoint,18730.873399999997,,0,,0,100,0.0,0.0,340.08,0.0,-0.0,34008.0,0,0,0.0,52738.8734,0.0,0.006047094074283832,31266.000000000004,34008.0,0.6448374378812575,False,[],False,,
2026-07-29,2026-07-29T16:00:00-04:00,buy_hold,midpoint,18730.873399999997,,0,,0,100,0.0,0.0,338.19,0.0,-0.0,33819.0,0,0,0.0,52549.8734,-0.0035836943001517074,-0.0035836943001517074,31266.000000000004,33819.0,0.643560066121872,False,[],False,,
2026-07-30,2026-07-30T16:00:00-04:00,buy_hold,midpoint,18730.873399999997,,0,,0,100,0.0,0.0,333.43,0.0,-0.0,33343.0,0,0,0.0,52073.8734,-0.012609294759792888,-0.009058061784027016,31266.000000000004,33343.0,0.640301898494841,False,[],False,,
2026-07-31,2026-07-31T16:00:00-04:00,buy_hold,midpoint,18730.873399999997,,0,,0,100,0.0,0.0,308.91,0.0,-0.0,30891.000000000004,0,0,0.0,49621.8734,-0.05910251393424726,-0.047086952437073726,31266.000000000004,30891.000000000004,0.6225278870668355,False,[],False,,
2026-08-03,2026-08-03T16:00:00-04:00,buy_hold,midpoint,18730.873399999997,,0,,0,100,0.0,0.0,303.42,0.0,-0.0,30342.0,0,0,0.0,49072.8734,-0.06951229261564018,-0.011063669353523431,31266.000000000004,30342.0,0.6183049391193792,False,[],False,,
2026-08-04,2026-08-04T16:00:00-04:00,buy_hold,midpoint,18730.873399999997,,0,,0,100,0.0,0.0,309.38,0.0,-0.0,30938.0,0,0,0.0,49668.8734,-0.05821133069558515,0.012145202811784106,31266.000000000004,30938.0,0.6228850763504533,False,[],False,,
2026-08-05,2026-08-05T16:00:00-04:00,buy_hold,midpoint,18730.873399999997,,0,,0,100,0.0,0.0,311,0.0,-0.0,31100,0,0,0.0,49830.8734,-0.055139592724026576,0.003261600050707081,31266.000000000004,31100.0,0.6241110756850592,False,[],False,,
2026-08-06,2026-08-06T16:00:00-04:00,buy_hold,midpoint,18730.873399999997,,0,,0,100,0.0,0.0,312.41,0.0,-0.0,31241.000000000004,0,0,0.0,49971.8734,-0.052466043008040475,0.0028295711148422775,31266.000000000004,31241.000000000004,0.6251716790749735,False,[],False,,
2026-08-07,2026-08-07T16:00:00-04:00,buy_hold,midpoint,18730.873399999997,,0,,0,100,0.0,0.0,313.33,0.0,-0.0,31333.0,0,0,0.0,50063.8734,-0.05072159922172326,0.0018410356414615414,31266.000000000004,31333.0,0.6258604832601706,False,[],False,,
2026-08-10,2026-08-10T16:00:00-04:00,buy_hold,midpoint,18730.873399999997,,0,,0,100,0.0,0.0,308.26,0.0,-0.0,30826.0,27.0,0,0.0,49583.8734,-0.05982304506337821,-0.009587751953687218,31266.000000000004,30826.0,0.6216940687816455,False,[],False,,
2026-08-11,2026-08-11T16:00:00-04:00,buy_hold,midpoint,18730.873399999997,,0,,0,100,0.0,0.0,304.91,0.0,-0.0,30491.000000000004,27.0,0,0.0,49248.8734,-0.06617509580703329,-0.006756228931481534,31266.000000000004,30491.000000000004,0.6191207614507585,False,[],False,,
2026-08-12,2026-08-12T16:00:00-04:00,buy_hold,midpoint,18730.873399999997,,0,,0,100,0.0,0.0,302.25,0.0,-0.0,30225.0,27.0,0,0.0,48982.8734,-0.0712188137109504,-0.005401138780161463,31266.000000000004,30225.0,0.6170524083627973,False,[],False,,
2026-08-13,2026-08-13T16:00:00-04:00,buy_hold,midpoint,18757.873399999997,,0,,0,100,0.0,0.0,305.26,0.0,-0.0,30526.0,0,0,0.0,49283.8734,-0.06551144871441261,0.006145004960039779,31266.000000000004,30526.0,0.619391251013156,False,[],False,,
2026-08-14,2026-08-14T16:00:00-04:00,buy_hold,midpoint,18757.873399999997,,0,,0,100,0.0,0.0,305.93,0.0,-0.0,30593.0,0,0,0.0,49350.8734,-0.06424103856568164,0.0013594710678725974,31266.000000000004,30593.0,0.6199079751241039,False,[],False,,
2026-08-17,2026-08-17T16:00:00-04:00,buy_hold,midpoint,18757.873399999997,,0,,0,100,0.0,0.0,305.59,0.0,-0.0,30558.999999999996,0,0,0.0,49316.8734,-0.06488572431279882,-0.0006889442406504687,31266.000000000004,30558.999999999996,0.6196459323798089,False,[],False,,
2026-08-18,2026-08-18T16:00:00-04:00,buy_hold,midpoint,18757.873399999997,,0,,0,100,0.0,0.0,310.03,0.0,-0.0,31002.999999999996,0,0,0.0,49760.8734,-0.05646688690926793,0.009003003827894762,31266.000000000004,31002.999999999996,0.6230397073376127,False,[],False,,
2026-08-19,2026-08-19T16:00:00-04:00,buy_hold,midpoint,18757.873399999997,,0,,0,100,0.0,0.0,316.83,0.0,-0.0,31683.0,0,0,0.0,50440.8734,-0.04357317196692334,0.013665354997567158,31266.000000000004,31683.0,0.628121558259933,False,[],False,,
2026-08-20,2026-08-20T16:00:00-04:00,buy_hold,midpoint,18757.873399999997,,0,,0,100,0.0,0.0,311.3,0.0,-0.0,31130.0,0,0,0.0,49887.8734,-0.054058796030330036,-0.010963331178163171,31266.000000000004,31130.0,0.6239993384845305,False,[],False,,
2026-08-21,2026-08-21T16:00:00-04:00,buy_hold,midpoint,18757.873399999997,,0,,0,100,0.0,0.0,309.35,0.0,-0.0,30935.000000000004,0,0,0.0,49692.8734,-0.0577562584035024,-0.003908765531785541,31266.000000000004,30935.000000000004,0.6225238728094964,False,[],False,,
2026-08-24,2026-08-24T16:00:00-04:00,buy_hold,midpoint,18757.873399999997,,0,,0,100,0.0,0.0,310.34,0.0,-0.0,31033.999999999996,0,0,0.0,49791.8734,-0.05587908519866103,0.0019922373818697103,31266.000000000004,31033.999999999996,0.6232743996332542,False,[],False,,
2026-08-25,2026-08-25T16:00:00-04:00,buy_hold,midpoint,18757.873399999997,,0,,0,100,0.0,0.0,309.9,0.0,-0.0,30989.999999999996,0,0,0.0,49747.8734,-0.05671338440081275,-0.0008836783393653125,31266.000000000004,30989.999999999996,0.6229412009398576,False,[],False,,
2026-08-26,2026-08-26T16:00:00-04:00,buy_hold,midpoint,18757.873399999997,,0,,0,100,0.0,0.0,313.45,0.0,-0.0,31345.0,0,0,0.0,50102.8734,-0.049982106747088806,0.007135983424770842,31266.000000000004,31345.0,0.6256128216390879,False,[],False,,
2026-08-27,2026-08-27T16:00:00-04:00,buy_hold,midpoint,18757.873399999997,,0,,0,100,0.0,0.0,314.58,0.0,-0.0,31458.0,0,0,0.0,50215.8734,-0.047839474705199114,0.002255359669651291,31266.000000000004,31458.0,0.6264552992918769,False,[],False,,
2026-08-28,2026-08-28T16:00:00-04:00,buy_hold,midpoint,18757.873399999997,,0,,0,100,0.0,0.0,319.7,0.0,-0.0,31970.0,0,0,0.0,50727.8734,-0.038131265807433756,0.01019597918613524,31266.000000000004,31970.0,0.6302255122723123,False,[],False,,
2026-08-31,2026-08-31T16:00:00-04:00,buy_hold,midpoint,18757.873399999997,,0,,0,100,0.0,0.0,316.85,0.0,-0.0,31685.000000000004,0,0,0.0,50442.8734,-0.043535249275916454,-0.005618213043403486,31266.000000000004,31685.000000000004,0.6281363027983257,False,[],False,,
2026-09-01,2026-09-01T16:00:00-04:00,buy_hold,midpoint,18757.873399999997,,0,,0,100,0.0,0.0,325.13,0.0,-0.0,32513.0,0,0,0.0,51270.8734,-0.027835255199061604,0.016414608133723085,31266.000000000004,32513.0,0.6341417230469883,False,[],False,,
2026-09-02,2026-09-02T16:00:00-04:00,buy_hold,midpoint,18757.873399999997,,0,,0,100,0.0,0.0,324.96,0.0,-0.0,32495.999999999996,0,0,0.0,51253.8734,-0.028157598072620194,-0.00033157227237712306,31266.000000000004,32495.999999999996,0.634020374350868,False,[],False,,
2026-09-03,2026-09-03T16:00:00-04:00,buy_hold,midpoint,18757.873399999997,,0,,0,100,0.0,0.0,328.21,0.0,-0.0,32821.0,0,0,0.0,51578.8734,-0.021995160783999657,0.0063409841723298666,31266.000000000004,32821.0,0.6363264227481169,False,[],False,,
2026-09-04,2026-09-04T16:00:00-04:00,buy_hold,midpoint,18757.873399999997,,0,,0,100,0.0,0.0,319.97,0.0,-0.0,31997.000000000004,0,0,0.0,50754.8734,-0.037619309478840735,-0.015975533114300222,31266.000000000004,31997.000000000004,0.6304222206965451,False,[],False,,
2026-09-08,2026-09-08T16:00:00-04:00,buy_hold,midpoint,18757.873399999997,,0,,0,100,0.0,0.0,316.22,0.0,-0.0,31622.000000000004,0,0,0.0,50379.8734,-0.04472981404263365,-0.007388453066262568,31266.000000000004,31622.000000000004,0.6276712874788607,False,[],False,,
2026-09-09,2026-09-09T16:00:00-04:00,buy_hold,midpoint,18757.873399999997,,0,,0,100,0.0,0.0,315.34,0.0,-0.0,31533.999999999996,0,0,0.0,50291.8734,-0.0463984124469371,-0.001746729280189152,31266.000000000004,31533.999999999996,0.627019792028666,False,[],False,,
2026-09-10,2026-09-10T16:00:00-04:00,buy_hold,midpoint,18757.873399999997,,0,,0,100,0.0,0.0,326.57,0.0,-0.0,32657.0,0,0,0.0,51414.8734,-0.025104821446565118,0.022329651374649373,31266.000000000004,32657.0,0.6351663991455049,False,[],False,,
2026-09-11,2026-09-11T16:00:00-04:00,buy_hold,midpoint,18757.873399999997,,0,,0,100,0.0,0.0,332.27,0.0,-0.0,33227.0,0,0,0.0,51984.8734,-0.014296854509599721,0.011086286171814175,31266.000000000004,33227.0,0.6391667003655721,False,[],False,,
2026-09-14,2026-09-14T16:00:00-04:00,buy_hold,midpoint,18757.873399999997,,0,,0,100,0.0,0.0,333.08,0.0,-0.0,33308.0,0,0,0.0,52065.8734,-0.012760985523820434,0.001558145566244562,31266.000000000004,33308.0,0.6397280564969837,False,[],False,,
2026-09-15,2026-09-15T16:00:00-04:00,buy_hold,midpoint,18757.873399999997,,0,,0,100,0.0,0.0,331.34,0.0,-0.0,33134.0,0,0,0.0,51891.8734,-0.016060259641420438,-0.0033419203143532084,31266.000000000004,33134.0,0.638520019205936,False,[],False,,
2026-09-16,2026-09-16T16:00:00-04:00,buy_hold,midpoint,18757.873399999997,,0,,0,100,0.0,0.0,332.41,0.0,-0.0,33241.0,0,0,0.0,51998.8734,-0.014031395672551517,0.002061979901461841,31266.000000000004,33241.0,0.6392638498971788,False,[],False,,
2026-09-17,2026-09-17T16:00:00-04:00,buy_hold,midpoint,18757.873399999997,,0,,0,100,0.0,0.0,337,0.0,-0.0,33700,0,0,0.0,52457.8734,-0.005328138086468925,0.008827114319749807,31266.000000000004,33700.0,0.6424202472531035,False,[],False,,
2026-09-18,2026-09-18T16:00:00-04:00,buy_hold,midpoint,18757.873399999997,,0,,0,100,0.0,0.0,336.13,0.0,-0.0,33613.0,0,0,0.0,52370.8734,-0.006977775145268872,-0.0016584736353418839,31266.000000000004,33613.0,0.6418262254912098,False,[],False,,
2026-09-21,2026-09-21T16:00:00-04:00,buy_hold,midpoint,18757.873399999997,,0,,0,100,0.0,0.0,338.98,0.0,-0.0,33898.0,0,0,0.0,52655.8734,-0.0015737916767861737,0.005441956215303412,31266.000000000004,33898.0,0.6437648416254359,False,[],False,,
2026-09-22,2026-09-22T16:00:00-04:00,buy_hold,midpoint,18757.873399999997,,0,,0,100,0.0,0.0,339.75,0.0,-0.0,33975.0,0,0,0.0,52732.8734,-0.00011376807302065917,0.0014623249986771558,31266.000000000004,33975.0,0.644285012543997,False,[],False,,
2026-09-23,2026-09-23T16:00:00-04:00,buy_hold,midpoint,18757.873399999997,,0,,0,100,0.0,0.0,337.02,0.0,-0.0,33702.0,0,0,0.0,52459.8734,-0.005290215395461928,-0.005177036303885552,31266.000000000004,33702.0,0.642433879758467,False,[],False,,
2026-09-24,2026-09-24T16:00:00-04:00,buy_hold,midpoint,18757.873399999997,,0,,0,100,0.0,0.0,335.92,0.0,-0.0,33592.0,0,0,0.0,52349.8734,-0.0073759634008412345,-0.0020968407445680626,31266.000000000004,33592.0,0.6416825451195839,False,[],False,,
2026-09-25,2026-09-25T16:00:00-04:00,buy_hold,midpoint,18757.873399999997,,0,,0,100,0.0,0.0,341.07,0.0,-0.0,34107.0,0,0,0.0,52864.8734,0.0,0.009837655118378974,31266.000000000004,34107.0,0.6451732087189677,False,[],False,,
2026-09-28,2026-09-28T16:00:00-04:00,buy_hold,midpoint,18757.873399999997,,0,,0,100,0.0,0.0,338.4,0.0,-0.0,33840.0,0,0,0.0,52597.8734,-0.00505061268150131,-0.00505061268150131,31266.000000000004,33840.0,0.6433720189151222,False,[],False,,
2026-09-29,2026-09-29T16:00:00-04:00,buy_hold,midpoint,18757.873399999997,,0,,0,100,0.0,0.0,329.4,0.0,-0.0,32940.0,0,0,0.0,51697.8734,-0.022075149810157346,-0.017110957949870276,31266.000000000004,32940.0,0.6371635394967717,False,[],False,,
2026-09-30,2026-09-30T16:00:00-04:00,buy_hold,midpoint,52056.5432,,0,,0,0,0.0,0.0,333.02,0.0,-0.0,0.0,0,0,0.0,52056.5432,-0.015290497224570987,0.00693780568544633,0,0.0,0.0,False,[],False,,
2026-07-06,2026-07-06T16:00:00-04:00,pmcc,quoted_side,39737.7,AAPLI172723000.U,1,AAPLG102633000.U^G26,1,0,101.325,0.15500000000000003,312.66,10132.5,-15.500000000000004,0.0,0,0,0.0,49854.7,-0.002906000000000075,-0.002906000000000075,10275.0,25785.070200000002,0.5172043999863605,False,[],False,,
2026-07-07,2026-07-07T16:00:00-04:00,pmcc,quoted_side,39737.7,AAPLI172723000.U,1,AAPLG102633000.U^G26,1,0,100.05,0.060000000000000005,310.66,10005.0,-6.000000000000001,0.0,0,0,0.0,49736.7,-0.005266000000000104,-0.002366878147897822,10275.0,26213.4908,0.5270452362139024,False,[],False,,
2026-07-08,2026-07-08T16:00:00-04:00,pmcc,quoted_side,39737.7,AAPLI172723000.U,1,AAPLG102633000.U^G26,1,0,102.275,0.045,313.39,10227.5,-4.5,0.0,0,0,0.0,49960.7,-0.0007860000000000644,0.0045037165714654215,10275.0,26700.828,0.5344366271889706,False,[],False,,
2026-07-09,2026-07-09T16:00:00-04:00,pmcc,quoted_side,39737.7,AAPLI172723000.U,1,AAPLG102633000.U^G26,1,0,104.125,0.025,316.22,10412.5,-2.5,0.0,0,0,0.0,50147.7,0.0,0.0037429419523744567,10275.0,27334.056800000002,0.5450709962769978,False,[],False,,
2026-07-10,2026-07-10T16:00:00-04:00,pmcc,quoted_side,39737.7,AAPLI172723000.U,1,,0,0,103.75,0.0,315.32,10375.0,-0.0,0.0,0,0,0.0,50112.7,-0.0006979382902905229,-0.0006979382902905229,10275.0,27527.435999999998,0.54931057396628,True,[],False,,
2026-07-13,2026-07-13T16:00:00-04:00,pmcc,quoted_side,39752.049999999996,AAPLI172723000.U,1,AAPLG172633750.U^G26,1,0,106.05,0.16,317.31,10605.0,-16.0,0.0,0,0,0.0,50341.049999999996,0.0,0.004556729132535242,10275.0,26546.154599999998,0.5273261999898691,False,[],False,,
2026-07-14,2026-07-14T16:00:00-04:00,pmcc,quoted_side,39752.049999999996,AAPLI172723000.U,1,AAPLG172633750.U^G26,1,0,103.525,0.04,314.86,10352.5,-4.0,0.0,0,0,0.0,50100.549999999996,-0.004777413264125396,-0.004777413264125396,10275.0,27008.6908,0.5390897066000274,False,[],False,,
2026-07-15,2026-07-15T16:00:00-04:00,pmcc,quoted_side,39752.049999999996,AAPLI172723000.U,1,AAPLG172633750.U^G26,1,0,114.82499999999999,0.38,327.5,11482.499999999998,-38.0,0.0,0,0,0.0,51196.549999999996,0.0,0.021876007349220794,10275.0,25695.649999999998,0.5019019836297564,False,[],False,,
2026-07-16,2026-07-16T16:00:00-04:00,pmcc,quoted_side,39752.049999999996,AAPLI172723000.U,1,AAPLG172633750.U^G26,1,0,120.325,0.77,333.26,12032.5,-77.0,0.0,0,0,0.0,51707.549999999996,0.0,0.009981141307373154,10275.0,22018.488199999996,0.4258273346929026,False,[],False,,
2026-07-17,2026-07-17T16:00:00-04:00,pmcc,quoted_side,39752.049999999996,AAPLI172723000.U,1,,0,0,120.725,0.0,333.74,12072.5,-0.0,0.0,0,0,0.0,51824.549999999996,0.0,0.0022627256561178477,10275.0,29883.079599999997,0.5766201462434309,True,[],False,,
2026-07-20,2026-07-20T16:00:00-04:00,pmcc,quoted_side,39760.399999999994,AAPLI172723000.U,1,AAPLG242635250.U^G26,1,0,114.5,0.16,326.59,11450.0,-16.0,0.0,0,0,0.0,51194.399999999994,-0.012159295160305339,-0.012159295160305339,10275.0,27851.5952,0.5440359726845124,False,[],False,,
2026-07-21,2026-07-21T16:00:00-04:00,pmcc,quoted_side,39760.399999999994,AAPLI172723000.U,1,AAPLG242635250.U^G26,1,0,115.125,0.09,327.74,11512.5,-9.0,0.0,0,0,0.0,51263.899999999994,-0.0108182318997464,0.0013575703592580979,10275.0,28451.1094,0.5549930730982232,False,[],False,,
2026-07-22,2026-07-22T16:00:00-04:00,pmcc,quoted_side,39760.399999999994,AAPLI172723000.U,1,AAPLG242635250.U^G26,1,0,114.3,0.02,325.89,11430.0,-2.0,0.0,0,0,0.0,51188.399999999994,-0.012275070405821209,-0.001472771287397201,10275.0,28538.1873,0.5575127821928406,False,[],False,,
2026-07-23,2026-07-23T16:00:00-04:00,pmcc,quoted_side,39760.399999999994,AAPLI172723000.U,1,AAPLG242635250.U^G26,1,0,109.55,,321.66,10955.0,,0.0,0,0,0.0,,,,10275.0,28309.296600000005,,False,"[""SHORT_MARK""]",False,,
2026-07-24,2026-07-24T16:00:00-04:00,pmcc,quoted_side,39760.399999999994,AAPLI172723000.U,1,,0,0,120.325,0.0,333.02,12032.5,-0.0,0.0,0,0,0.0,51792.899999999994,,,10275.0,29775.318199999998,0.5748918905873199,True,[],False,,
2026-07-27,2026-07-27T16:00:00-04:00,pmcc,quoted_side,39845.74999999999,AAPLI172723000.U,1,AAPLG312635750.U^G26,1,0,123.2,0.925,336.91,12320.0,-92.5,0.0,0,0,0.0,52073.24999999999,,0.005412904085309034,10275.0,26484.4951,0.5086007710292714,False,[],False,,
2026-07-28,2026-07-28T16:00:00-04:00,pmcc,quoted_side,39845.74999999999,AAPLI172723000.U,1,AAPLG312635750.U^G26,1,0,126.6,1.105,340.08,12660.0,-110.5,0.0,0,0,0.0,52395.24999999999,,0.0061835971444070825,10275.0,25873.286399999997,0.493809770923891,False,[],False,,
2026-07-29,2026-07-29T16:00:00-04:00,pmcc,quoted_side,39845.74999999999,AAPLI172723000.U,1,AAPLG312635750.U^G26,1,0,124.2,0.6599999999999999,338.19,12420.0,-65.99999999999999,0.0,0,0,0.0,52199.74999999999,,-0.0037312542644609703,10275.0,27227.676900000002,0.5216055038577773,False,[],False,,
2026-07-30,2026-07-30T16:00:00-04:00,pmcc,quoted_side,39845.74999999999,AAPLI172723000.U,1,AAPLG312635750.U^G26,1,0,120.0,0.38,333.43,12000.0,-38.0,0.0,0,0,0.0,51807.74999999999,,-0.007509614509648044,10275.0,27878.082300000002,0.5381064087901908,False,[],False,,
2026-07-31,2026-07-31T16:00:00-04:00,pmcc,quoted_side,39845.74999999999,AAPLI172723000.U,1,,0,0,97.1,0.0,308.91,9710.0,-0.0,0.0,0,0,0.0,49555.74999999999,,-0.04346839999806984,10275.0,26717.6259,0.5391428017939393,True,[],False,,
2026-08-03,2026-08-03T16:00:00-04:00,pmcc,quoted_side,39867.09999999999,AAPLI172723000.U,1,AAPLH072632500.U^H26,1,0,91.95,0.22999999999999998,303.42,9195.0,-23.0,0.0,0,0,0.0,49039.09999999999,,-0.010425631737992047,10275.0,24577.02,0.5011719219969373,False,[],False,,
2026-08-04,2026-08-04T16:00:00-04:00,pmcc,quoted_side,39867.09999999999,AAPLI172723000.U,1,AAPLH072632500.U^H26,1,0,97.2,0.275,309.38,9720.0,-27.500000000000004,0.0,0,0,0.0,49559.59999999999,,0.010613979457208655,10275.0,24815.369799999997,0.5007177176571239,False,[],False,,
2026-08-05,2026-08-05T16:00:00-04:00,pmcc,quoted_side,39867.09999999999,AAPLI172723000.U,1,AAPLH072632500.U^H26,1,0,98.55,0.21000000000000002,311,9855.0,-21.000000000000004,0.0,0,0,0.0,49701.09999999999,,0.002855148144859987,10275.0,25246.980000000003,0.507976282215082,False,[],False,,
2026-08-06,2026-08-06T16:00:00-04:00,pmcc,quoted_side,39867.09999999999,AAPLI172723000.U,1,AAPLH072632500.U^H26,1,0,100.1,0.04,312.41,10010.0,-4.0,0.0,0,0,0.0,49873.09999999999,,0.0034606879928211765,10275.0,26604.835600000006,0.533450609647285,False,[],False,,
2026-08-07,2026-08-07T16:00:00-04:00,pmcc,quoted_side,39867.09999999999,AAPLI172723000.U,1,,0,0,100.725,0.0,313.33,10072.5,-0.0,0.0,0,0,0.0,49939.59999999999,,0.0013333841289191461,10275.0,27316.1094,0.546982943395622,True,[],False,,
2026-08-10,2026-08-10T16:00:00-04:00,pmcc,quoted_side,39873.44999999999,AAPLI172723000.U,1,AAPLH142633000.U^H26,1,0,95.9,0.07500000000000001,308.26,9590.0,-7.500000000000001,0.0,0,0,0.0,49455.94999999999,,-0.009684699116532802,10275.0,26121.9524,0.5281862425046936,False,[],False,,
2026-08-11,2026-08-11T16:00:00-04:00,pmcc,quoted_side,39873.44999999999,AAPLI172723000.U,1,AAPLH142633000.U^H26,1,0,91.725,0.025,304.91,9172.5,-2.5,0.0,0,0,0.0,49043.44999999999,,-0.008340755763462271,10275.0,26121.6397,0.5326223930004925,False,[],False,,
2026-08-12,2026-08-12T16:00:00-04:00,pmcc,quoted_side,39873.44999999999,AAPLI172723000.U,1,AAPLH142633000.U^H26,1,0,89.125,0.015,302.25,8912.5,-1.5,0.0,0,0,0.0,48784.44999999999,,-0.005281031411941806,10275.0,26014.6575,0.5332571649367781,False,[],False,,
2026-08-13,2026-08-13T16:00:00-04:00,pmcc,quoted_side,39873.44999999999,AAPLI172723000.U,1,AAPLH142633000.U^H26,1,0,92.0,,305.26,9200.0,,0.0,0,0,0.0,,,,10275.0,26444.673799999997,,False,"[""SHORT_MARK""]",False,,
2026-08-14,2026-08-14T16:00:00-04:00,pmcc,quoted_side,39873.44999999999,AAPLI172723000.U,1,,0,0,93.025,0.0,305.93,9302.5,-0.0,0.0,0,0,0.0,49175.94999999999,,,10275.0,26505.7752,0.5389987422713747,True,[],False,,
2026-08-17,2026-08-17T16:00:00-04:00,pmcc,quoted_side,39884.79999999999,AAPLI172723000.U,1,AAPLH212632250.U^H26,1,0,92.875,0.13,305.59,9287.5,-13.0,0.0,0,0,0.0,49159.29999999999,,-0.00033858013927545727,10275.0,25333.411,0.5153330295590053,False,[],False,,
2026-08-18,2026-08-18T16:00:00-04:00,pmcc,quoted_side,39884.79999999999,AAPLI172723000.U,1,AAPLH212632250.U^H26,1,0,97.35,0.245,310.03,9735.0,-24.5,0.0,0,0,0.0,49595.29999999999,,0.00886912547574914,10275.0,24802.399999999998,0.5000957752045053,False,[],False,,
2026-08-19,2026-08-19T16:00:00-04:00,pmcc,quoted_side,39884.79999999999,AAPLI172723000.U,1,AAPLH212632250.U^H26,1,0,103.15,0.85,316.83,10315.0,-85.0,0.0,0,0,0.0,50114.79999999999,,0.010474782892733847,10275.0,21107.2146,0.42117726899039815,False,[],False,,
2026-08-20,2026-08-20T16:00:00-04:00,pmcc,quoted_side,39884.79999999999,AAPLI172723000.U,1,AAPLH212632250.U^H26,1,0,98.5,0.07,311.3,9850.0,-7.000000000000001,0.0,0,0,0.0,49727.79999999999,,-0.007722269668840376,10275.0,26139.861,0.5256589070901991,False,[],False,,
2026-08-21,2026-08-21T16:00:00-04:00,pmcc,quoted_side,39884.79999999999,AAPLI172723000.U,1,,0,0,96.55,0.0,309.35,9655.0,-0.0,0.0,0,0,0.0,49539.79999999999,,-0.0037805814856076703,10275.0,26876.328,0.5425199132818462,True,[],False,,
2026-08-24,2026-08-24T16:00:00-04:00,pmcc,quoted_side,39893.14999999999,AAPLI172723000.U,1,AAPLH282633000.U^H26,1,0,97.55,0.095,310.34,9755.0,-9.5,0.0,0,0,0.0,49638.64999999999,,0.0019953653426134643,10275.0,26186.489199999996,0.5275423324365188,False,[],False,,
2026-08-25,2026-08-25T16:00:00-04:00,pmcc,quoted_side,39893.14999999999,AAPLI172723000.U,1,AAPLH282633000.U^H26,1,0,96.125,0.055,309.9,9612.5,-5.5,0.0,0,0,0.0,49500.14999999999,,-0.0027901645189786217,10275.0,26598.716999999997,0.5373461898600308,False,[],False,,
2026-08-26,2026-08-26T16:00:00-04:00,pmcc,quoted_side,39893.14999999999,AAPLI172723000.U,1,AAPLH282633000.U^H26,1,0,100.2,0.07,313.45,10020.0,-7.000000000000001,0.0,0,0,0.0,49906.14999999999,,0.008201995347488777,10275.0,26699.671,0.5349976105149367,False,[],False,,
2026-08-27,2026-08-27T16:00:00-04:00,pmcc,quoted_side,39893.14999999999,AAPLI172723000.U,1,AAPLH282633000.U^H26,1,0,100.6,,314.58,10060.0,,0.0,0,0,0.0,,,,10275.0,27560.353799999997,,False,"[""SHORT_MARK""]",False,,
2026-08-28,2026-08-28T16:00:00-04:00,pmcc,quoted_side,39893.14999999999,AAPLI172723000.U,1,,0,0,105.575,0.0,319.7,10557.5,-0.0,0.0,0,0,0.0,50450.64999999999,,,10275.0,28421.33,0.5633491342529781,True,[],False,,
2026-08-31,2026-08-31T16:00:00-04:00,pmcc,quoted_side,39897.499999999985,AAPLI172723000.U,1,AAPLI042633750.U^I26,1,0,102.775,0.060000000000000005,316.85,10277.5,-6.000000000000001,0.0,0,0,0.0,50168.999999999985,,-0.005582683275636713,10275.0,27502.58,0.5481986884330964,False,[],False,,
2026-09-01,2026-09-01T16:00:00-04:00,pmcc,quoted_side,39897.499999999985,AAPLI172723000.U,1,AAPLI042633750.U^I26,1,0,110.275,0.29500000000000004,325.13,11027.5,-29.500000000000004,0.0,0,0,0.0,50895.499999999985,,0.014481054037353669,10275.0,26693.173000000003,0.5244701987405568,False,[],False,,
2026-09-02,2026-09-02T16:00:00-04:00,pmcc,quoted_side,39897.499999999985,AAPLI172723000.U,1,AAPLI042633750.U^I26,1,0,110.475,0.135,324.96,11047.5,-13.5,0.0,0,0,0.0,50931.499999999985,,0.0007073316894421477,10275.0,27761.332799999996,0.5450719652867088,False,[],False,,
2026-09-03,2026-09-03T16:00:00-04:00,pmcc,quoted_side,39897.499999999985,AAPLI172723000.U,1,AAPLI042633750.U^I26,1,0,113.075,0.065,328.21,11307.5,-6.5,0.0,0,0,0.0,51198.499999999985,,0.005242335293482503,10275.0,28501.756399999995,0.5566912390011427,False,[],False,,
2026-09-04,2026-09-04T16:00:00-04:00,pmcc,quoted_side,39897.499999999985,AAPLI172723000.U,1,,0,0,105.9,0.0,319.97,10590.0,-0.0,0.0,0,0,0.0,50487.499999999985,,-0.013887125599382766,10275.0,28384.5387,0.5622092339688043,True,[],False,,
2026-09-08,2026-09-08T16:00:00-04:00,pmcc,quoted_side,39897.499999999985,AAPLI172723000.U,1,,0,0,101.975,0.0,316.22,10197.5,-0.0,0.0,0,0,0.0,50094.999999999985,,-0.007774201535033387,10275.0,27975.9834,0.5584585966663341,True,[],False,,
2026-09-09,2026-09-09T16:00:00-04:00,pmcc,quoted_side,39897.499999999985,AAPLI172723000.U,1,,0,0,101.2,0.0,315.34,10120.0,-0.0,0.0,0,0,0.0,50017.499999999985,,-0.0015470605848887375,10275.0,27853.9822,0.5568847343429801,True,[],False,,
2026-09-10,2026-09-10T16:00:00-04:00,pmcc,quoted_side,39897.499999999985,AAPLI172723000.U,1,,0,0,111.5,0.0,326.57,11150.0,-0.0,0.0,0,0,0.0,51047.499999999985,,0.02059279252261703,10275.0,29459.8797,0.5771071981977571,True,[],False,,
2026-09-11,2026-09-11T16:00:00-04:00,pmcc,quoted_side,39897.499999999985,AAPLI172723000.U,1,,0,0,117.225,0.0,332.27,11722.5,-0.0,0.0,0,0,0.0,51619.999999999985,,0.011215044811205166,10275.0,30123.598199999997,0.5835644750096862,True,[],False,,
2026-09-14,2026-09-14T16:00:00-04:00,pmcc,quoted_side,39897.499999999985,AAPLI172723000.U,1,,0,0,118.225,0.0,333.08,11822.5,-0.0,0.0,0,0,0.0,51719.999999999985,,0.0019372336303757898,10275.0,30157.063199999997,0.5830832018561486,True,[],False,,
2026-09-15,2026-09-15T16:00:00-04:00,pmcc,quoted_side,39897.499999999985,AAPLI172723000.U,1,,0,0,116.375,0.0,331.34,11637.5,-0.0,0.0,0,0,0.0,51534.999999999985,,-0.0035769528228924985,10275.0,29986.269999999997,0.5818622295527313,True,[],False,,
2026-09-16,2026-09-16T16:00:00-04:00,pmcc,quoted_side,39897.499999999985,AAPLI172723000.U,1,,0,0,116.8,0.0,332.41,11680.0,-0.0,0.0,0,0,0.0,51577.499999999985,,0.0008246822547783861,10275.0,30325.764300000003,0.5879649905482044,True,[],False,,
2026-09-17,2026-09-17T16:00:00-04:00,pmcc,quoted_side,39897.499999999985,AAPLI172723000.U,1,,0,0,121.9,0.0,337,12190.0,-0.0,0.0,0,0,0.0,52087.499999999985,,0.009888032572342498,10275.0,30667.0,0.5887592992560596,True,[],False,,
2026-09-18,2026-09-18T16:00:00-04:00,pmcc,quoted_side,39897.499999999985,AAPLI172723000.U,1,,0,0,120.6,0.0,336.13,12060.0,-0.0,0.0,0,0,0.0,51957.499999999985,,-0.002495800335973075,10275.0,30708.8368,0.5910376134340569,True,[],False,,
2026-09-21,2026-09-21T16:00:00-04:00,pmcc,quoted_side,39897.499999999985,AAPLI172723000.U,1,,0,0,122.82499999999999,0.0,338.98,12282.499999999998,-0.0,0.0,0,0,0.0,52179.999999999985,,0.004282346148294369,10275.0,31186.160000000003,0.5976650057493295,True,[],False,,
2026-09-22,2026-09-22T16:00:00-04:00,pmcc,quoted_side,39897.499999999985,AAPLI172723000.U,1,,0,0,123.975,0.0,339.75,12397.5,-0.0,0.0,0,0,0.0,52294.999999999985,,0.0022039095438866063,10275.0,31141.485,0.5954964145711829,True,[],False,,
2026-09-23,2026-09-23T16:00:00-04:00,pmcc,quoted_side,39897.499999999985,AAPLI172723000.U,1,,0,0,120.875,0.0,337.02,12087.5,-0.0,0.0,0,0,0.0,51984.999999999985,,-0.005927908977913732,10275.0,30995.729399999997,0.5962437126094067,True,[],False,,
2026-09-24,2026-09-24T16:00:00-04:00,pmcc,quoted_side,39897.499999999985,AAPLI172723000.U,1,,0,0,120.4,0.0,335.92,12040.0,-0.0,0.0,0,0,0.0,51937.499999999985,,-0.0009137251130133528,10275.0,30689.6512,0.5908958113116729,True,[],False,,
2026-09-25,2026-09-25T16:00:00-04:00,pmcc,quoted_side,39897.499999999985,AAPLI172723000.U,1,,0,0,124.475,0.0,341.07,12447.5,-0.0,0.0,0,0,0.0,52344.999999999985,,0.007845968712394624,10275.0,31542.153599999994,0.6025819772662145,True,[],False,,
2026-09-28,2026-09-28T16:00:00-04:00,pmcc,quoted_side,39897.499999999985,AAPLI172723000.U,1,,0,0,122.5,0.0,338.4,12250.0,-0.0,0.0,0,0,0.0,52147.499999999985,,-0.0037730442258094854,10275.0,31048.199999999997,0.5953919171580614,True,[],False,,
2026-09-29,2026-09-29T16:00:00-04:00,pmcc,quoted_side,39897.499999999985,AAPLI172723000.U,1,,0,0,113.9,0.0,329.4,11390.0,-0.0,0.0,0,0,0.0,51287.499999999985,,-0.016491682247471107,10275.0,29893.05,0.5828525469168903,True,[],False,,
2026-09-30,2026-09-30T16:00:00-04:00,pmcc,quoted_side,51376.849999999984,,0,,0,0,0.0,0.0,333.02,0.0,-0.0,0.0,0,0,0.0,51376.849999999984,,0.0017421398976358304,0,0.0,0.0,False,[],False,,
2026-07-06,2026-07-06T16:00:00-04:00,covered_call,quoted_side,18744.223399999995,,0,AAPLG102633000.U^G26,1,100,0.0,0.15500000000000003,312.66,0.0,-15.500000000000004,31266.000000000004,0,0,0.0,49994.7234,-0.00010553199999996377,-0.00010553199999996377,31266.000000000004,30009.106800000005,0.6002454811061122,False,[],False,,
2026-07-07,2026-07-07T16:00:00-04:00,covered_call,quoted_side,18744.223399999995,,0,AAPLG102633000.U^G26,1,100,0.0,0.060000000000000005,310.66,0.0,-6.000000000000001,31066.000000000004,0,0,0.0,49804.2234,-0.003915531999999944,-0.0038104021193564597,31266.000000000004,30485.0658,0.612098005326994,False,[],False,,
2026-07-08,2026-07-08T16:00:00-04:00,covered_call,quoted_side,18744.223399999995,,0,AAPLG102633000.U^G26,1,100,0.0,0.045,313.39,0.0,-4.5,31339.0,0,0,0.0,50078.723399999995,0.0,0.005511580770878766,31266.000000000004,30821.906499999997,0.6154690936071265,False,[],False,,
2026-07-09,2026-07-09T16:00:00-04:00,covered_call,quoted_side,18744.223399999995,,0,AAPLG102633000.U^G26,1,100,0.0,0.025,316.22,0.0,-2.5,31622.000000000004,0,0,0.0,50363.7234,0.0,0.005691039640199902,31266.000000000004,31245.698200000003,0.6204008776682306,False,[],False,,
2026-07-10,2026-07-10T16:00:00-04:00,covered_call,quoted_side,18744.223399999995,,0,,0,100,0.0,0.0,315.32,0.0,-0.0,31532.0,0,0,0.0,50276.223399999995,-0.0017373616185019092,-0.0017373616185019092,31266.000000000004,31532.0,0.627175190728427,False,[],False,,
2026-07-13,2026-07-13T16:00:00-04:00,covered_call,quoted_side,18758.573399999994,,0,AAPLG172633750.U^G26,1,100,0.0,0.16,317.31,0.0,-16.0,31731.0,0,0,0.0,50473.573399999994,0.0,0.00392531472441493,31266.000000000004,30556.952999999998,0.6054049860476096,False,[],False,,
2026-07-14,2026-07-14T16:00:00-04:00,covered_call,quoted_side,18758.573399999994,,0,AAPLG172633750.U^G26,1,100,0.0,0.04,314.86,0.0,-4.0,31486.0,0,0,0.0,50240.573399999994,-0.004616277079363629,-0.004616277079363629,31266.000000000004,31111.316600000002,0.6192468456182072,False,[],False,,
2026-07-15,2026-07-15T16:00:00-04:00,covered_call,quoted_side,18758.573399999994,,0,AAPLG172633750.U^G26,1,100,0.0,0.38,327.5,0.0,-38.0,32750.0,0,0,0.0,51470.573399999994,0.0,0.02448220465572959,31266.000000000004,29357.1,0.5703666786816873,False,[],False,,
2026-07-16,2026-07-16T16:00:00-04:00,covered_call,quoted_side,18758.573399999994,,0,AAPLG172633750.U^G26,1,100,0.0,0.77,333.26,0.0,-77.0,33326.0,0,0,0.0,52007.573399999994,0.0,0.010433145864273685,31266.000000000004,25547.7116,0.4912306021953334,False,[],False,,
2026-07-17,2026-07-17T16:00:00-04:00,covered_call,quoted_side,18758.573399999994,,0,,0,100,0.0,0.0,333.74,0.0,-0.0,33374.0,0,0,0.0,52132.573399999994,0.0,0.0024034961031271784,31266.000000000004,33374.0,0.6401755720733326,False,[],False,,
2026-07-20,2026-07-20T16:00:00-04:00,covered_call,quoted_side,18766.923399999992,,0,AAPLG242635250.U^G26,1,100,0.0,0.16,326.59,0.0,-16.0,32658.999999999996,0,0,0.0,51409.923399999985,-0.013861774949325834,-0.013861774949325834,31266.000000000004,31643.305099999998,0.6155096722046469,False,[],False,,
2026-07-21,2026-07-21T16:00:00-04:00,covered_call,quoted_side,18766.923399999992,,0,AAPLG242635250.U^G26,1,100,0.0,0.09,327.74,0.0,-9.0,32774.0,0,0,0.0,51531.92339999999,-0.011521587384366483,0.0023730827033290325,31266.000000000004,32089.0234,0.6227018376729172,False,[],False,,
2026-07-22,2026-07-22T16:00:00-04:00,covered_call,quoted_side,18766.923399999992,,0,AAPLG242635250.U^G26,1,100,0.0,0.02,325.89,0.0,-2.0,32589.0,0,0,0.0,51353.92339999999,-0.014935959405372512,-0.0034541695371689274,31266.000000000004,32393.466,0.630788532897177,False,[],False,,
2026-07-23,2026-07-23T16:00:00-04:00,covered_call,quoted_side,18766.923399999992,,0,AAPLG242635250.U^G26,1,100,0.0,,321.66,0.0,,32166.000000000004,0,0,0.0,,,,31266.000000000004,32111.3178,,False,"[""SHORT_MARK""]",False,,
2026-07-24,2026-07-24T16:00:00-04:00,covered_call,quoted_side,18766.923399999992,,0,,0,100,0.0,0.0,333.02,0.0,-0.0,33302.0,0,0,0.0,52068.92339999999,,,31266.000000000004,33302.0,0.6395753517730695,False,[],False,,
2026-07-27,2026-07-27T16:00:00-04:00,covered_call,quoted_side,18852.27339999999,,0,AAPLG312635750.U^G26,1,100,0.0,0.925,336.91,0.0,-92.5,33691.0,0,0,0.0,52450.77339999999,,0.007333548978275983,31266.000000000004,29752.522100000002,0.567246585157122,False,[],False,,
2026-07-28,2026-07-28T16:00:00-04:00,covered_call,quoted_side,18852.27339999999,,0,AAPLG312635750.U^G26,1,100,0.0,1.105,340.08,0.0,-110.5,34008.0,0,0,0.0,52749.77339999999,,0.0057005832444025906,31266.000000000004,29189.0664,0.5533496073748063,False,[],False,,
2026-07-29,2026-07-29T16:00:00-04:00,covered_call,quoted_side,18852.27339999999,,0,AAPLG312635750.U^G26,1,100,0.0,0.6599999999999999,338.19,0.0,-65.99999999999999,33819.0,0,0,0.0,52605.27339999999,,-0.0027393482604041175,31266.000000000004,30487.828500000003,0.579558407921895,False,[],False,,
2026-07-30,2026-07-30T16:00:00-04:00,covered_call,quoted_side,18852.27339999999,,0,AAPLG312635750.U^G26,1,100,0.0,0.38,333.43,0.0,-38.0,33343.0,0,0,0.0,52157.27339999999,,-0.008516256470971983,31266.000000000004,31339.0857,0.6008574386098949,False,[],False,,
2026-07-31,2026-07-31T16:00:00-04:00,covered_call,quoted_side,18852.27339999999,,0,,0,100,0.0,0.0,308.91,0.0,-0.0,30891.000000000004,0,0,0.0,49743.27339999999,,-0.04628309423858801,31266.000000000004,30891.000000000004,0.621008588469773,False,[],False,,
2026-08-03,2026-08-03T16:00:00-04:00,covered_call,quoted_side,18873.62339999999,,0,AAPLH072632500.U^H26,1,100,0.0,0.22999999999999998,303.42,0.0,-23.0,30342.0,0,0,0.0,49192.62339999999,,-0.01106983843970355,31266.000000000004,28949.302200000002,0.5884886838541733,False,[],False,,
2026-08-04,2026-08-04T16:00:00-04:00,covered_call,quoted_side,18873.62339999999,,0,AAPLH072632500.U^H26,1,100,0.0,0.275,309.38,0.0,-27.500000000000004,30938.0,0,0,0.0,49784.12339999999,,0.012024160516716842,31266.000000000004,28957.967999999997,0.5816707420422311,False,[],False,,
2026-08-05,2026-08-05T16:00:00-04:00,covered_call,quoted_side,18873.62339999999,,0,AAPLH072632500.U^H26,1,100,0.0,0.21000000000000002,311,0.0,-21.000000000000004,31100,0,0,0.0,49952.62339999999,,0.003384613175693607,31266.000000000004,29321.08,0.5869777802300571,False,[],False,,
2026-08-06,2026-08-06T16:00:00-04:00,covered_call,quoted_side,18873.62339999999,,0,AAPLH072632500.U^H26,1,100,0.0,0.04,312.41,0.0,-4.0,31241.000000000004,0,0,0.0,50110.6234,,0.0031629970409123853,31266.000000000004,30663.041500000003,0.6119070053317278,False,[],False,,
2026-08-07,2026-08-07T16:00:00-04:00,covered_call,quoted_side,18873.62339999999,,0,,0,100,0.0,0.0,313.33,0.0,-0.0,31333.0,0,0,0.0,50206.62339999999,,0.0019157614391200894,31266.000000000004,31333.0,0.624081005216535,False,[],False,,
2026-08-10,2026-08-10T16:00:00-04:00,covered_call,quoted_side,18879.973399999988,,0,AAPLH142633000.U^H26,1,100,0.0,0.07500000000000001,308.26,0.0,-7.500000000000001,30826.0,27.0,0,0.0,49725.47339999999,,-0.009583396918901421,31266.000000000004,30209.48,0.6075252367532011,False,[],False,,
2026-08-11,2026-08-11T16:00:00-04:00,covered_call,quoted_side,18879.973399999988,,0,AAPLH142633000.U^H26,1,100,0.0,0.025,304.91,0.0,-2.5,30491.000000000004,27.0,0,0.0,49395.47339999999,,-0.00663643757285981,31266.000000000004,30259.2684,0.6125919303366776,False,[],False,,
2026-08-12,2026-08-12T16:00:00-04:00,covered_call,quoted_side,18879.973399999988,,0,AAPLH142633000.U^H26,1,100,0.0,0.015,302.25,0.0,-1.5,30225.0,27.0,0,0.0,49130.47339999999,,-0.005364864060600327,31266.000000000004,30085.965,0.6123687177823939,False,[],False,,
2026-08-13,2026-08-13T16:00:00-04:00,covered_call,quoted_side,18906.973399999988,,0,AAPLH142633000.U^H26,1,100,0.0,,305.26,0.0,,30526.0,0,0,0.0,,,,31266.000000000004,30464.947999999997,,False,"[""SHORT_MARK""]",False,,
2026-08-14,2026-08-14T16:00:00-04:00,covered_call,quoted_side,18906.973399999988,,0,,0,100,0.0,0.0,305.93,0.0,-0.0,30593.0,0,0,0.0,49499.97339999999,,,31266.000000000004,30593.0,0.6180407361592645,False,[],False,,
2026-08-17,2026-08-17T16:00:00-04:00,covered_call,quoted_side,18918.323399999987,,0,AAPLH212632250.U^H26,1,100,0.0,0.13,305.59,0.0,-13.0,30558.999999999996,0,0,0.0,49464.32339999998,,-0.0007202024072200386,31266.000000000004,29474.155499999997,0.5958669496326318,False,[],False,,
2026-08-18,2026-08-18T16:00:00-04:00,covered_call,quoted_side,18918.323399999987,,0,AAPLH212632250.U^H26,1,100,0.0,0.245,310.03,0.0,-24.5,31002.999999999996,0,0,0.0,49896.82339999998,,0.008743675648861693,31266.000000000004,28876.194199999998,0.5787180872921063,False,[],False,,
2026-08-19,2026-08-19T16:00:00-04:00,covered_call,quoted_side,18918.323399999987,,0,AAPLH212632250.U^H26,1,100,0.0,0.85,316.83,0.0,-85.0,31683.0,0,0,0.0,50516.32339999999,,0.012415620029230245,31266.000000000004,24858.4818,0.4920881039414679,False,[],False,,
2026-08-20,2026-08-20T16:00:00-04:00,covered_call,quoted_side,18918.323399999987,,0,AAPLH212632250.U^H26,1,100,0.0,0.07,311.3,0.0,-7.000000000000001,31130.0,0,0,0.0,50041.32339999999,,-0.009402901241225337,31266.000000000004,30177.422,0.60305003844083,False,[],False,,
2026-08-21,2026-08-21T16:00:00-04:00,covered_call,quoted_side,18918.323399999987,,0,,0,100,0.0,0.0,309.35,0.0,-0.0,30935.000000000004,0,0,0.0,49853.323399999994,,-0.0037568950464645923,31266.000000000004,30935.000000000004,0.6205203162042354,False,[],False,,
2026-08-24,2026-08-24T16:00:00-04:00,covered_call,quoted_side,18926.673399999985,,0,AAPLH282633000.U^H26,1,100,0.0,0.095,310.34,0.0,-9.5,31033.999999999996,0,0,0.0,49951.173399999985,,0.001962757812852045,31266.000000000004,30236.426199999998,0.6053196379967324,False,[],False,,
2026-08-25,2026-08-25T16:00:00-04:00,covered_call,quoted_side,18926.673399999985,,0,AAPLH282633000.U^H26,1,100,0.0,0.055,309.9,0.0,-5.5,30989.999999999996,0,0,0.0,49911.173399999985,,-0.0008007819892374979,31266.000000000004,30472.466999999997,0.6105339731403712,False,[],False,,
2026-08-26,2026-08-26T16:00:00-04:00,covered_call,quoted_side,18926.673399999985,,0,AAPLH282633000.U^H26,1,100,0.0,0.07,313.45,0.0,-7.000000000000001,31345.0,0,0,0.0,50264.673399999985,,0.007082582434337237,31266.000000000004,30620.9305,0.6091938617868351,False,[],False,,
2026-08-27,2026-08-27T16:00:00-04:00,covered_call,quoted_side,18926.673399999985,,0,AAPLH282633000.U^H26,1,100,0.0,,314.58,0.0,,31458.0,0,0,0.0,,,,31266.000000000004,31294.4184,,False,"[""SHORT_MARK""]",False,,
2026-08-28,2026-08-28T16:00:00-04:00,covered_call,quoted_side,18926.673399999985,,0,,0,100,0.0,0.0,319.7,0.0,-0.0,31970.0,0,0,0.0,50896.673399999985,,,31266.000000000004,31970.0,0.6281353547165228,False,[],False,,
2026-08-31,2026-08-31T16:00:00-04:00,covered_call,quoted_side,18931.023399999984,,0,AAPLI042633750.U^I26,1,100,0.0,0.060000000000000005,316.85,0.0,-6.000000000000001,31685.000000000004,0,0,0.0,50610.02339999999,,-0.0056319987309817465,31266.000000000004,31130.5125,0.6151056729209101,False,[],False,,
2026-09-01,2026-09-01T16:00:00-04:00,covered_call,quoted_side,18931.023399999984,,0,AAPLI042633750.U^I26,1,100,0.0,0.29500000000000004,325.13,0.0,-29.500000000000004,32513.0,0,0,0.0,51414.523399999984,,0.01589606062106652,31266.000000000004,29986.7399,0.5832348122087233,False,[],False,,
2026-09-02,2026-09-02T16:00:00-04:00,covered_call,quoted_side,18931.023399999984,,0,AAPLI042633750.U^I26,1,100,0.0,0.135,324.96,0.0,-13.5,32495.999999999996,0,0,0.0,51413.52339999998,,-1.9449757264644596e-05,31266.000000000004,31023.9312,0.6034196675966389,False,[],False,,
2026-09-03,2026-09-03T16:00:00-04:00,covered_call,quoted_side,18931.023399999984,,0,AAPLI042633750.U^I26,1,100,0.0,0.065,328.21,0.0,-6.5,32821.0,0,0,0.0,51745.523399999984,,0.006457445007552298,31266.000000000004,31734.6249,0.613282518270943,False,[],False,,
2026-09-04,2026-09-04T16:00:00-04:00,covered_call,quoted_side,18931.023399999984,,0,,0,100,0.0,0.0,319.97,0.0,-0.0,31997.000000000004,0,0,0.0,50928.02339999999,,-0.0157984680854536,31266.000000000004,31997.000000000004,0.6282788505002141,False,[],False,,
2026-09-08,2026-09-08T16:00:00-04:00,covered_call,quoted_side,18931.023399999984,,0,,0,100,0.0,0.0,316.22,0.0,-0.0,31622.000000000004,0,0,0.0,50553.02339999999,,-0.007363333091776725,31266.000000000004,31622.000000000004,0.6255214401281489,False,[],False,,
2026-09-09,2026-09-09T16:00:00-04:00,covered_call,quoted_side,18931.023399999984,,0,,0,100,0.0,0.0,315.34,0.0,-0.0,31533.999999999996,0,0,0.0,50465.02339999998,,-0.001740746528723247,31266.000000000004,31533.999999999996,0.6248684311518621,False,[],False,,
2026-09-10,2026-09-10T16:00:00-04:00,covered_call,quoted_side,18931.023399999984,,0,,0,100,0.0,0.0,326.57,0.0,-0.0,32657.0,0,0,0.0,51588.023399999984,,0.02225303634754705,31266.000000000004,32657.0,0.6330345271573249,False,[],False,,
2026-09-11,2026-09-11T16:00:00-04:00,covered_call,quoted_side,18931.023399999984,,0,,0,100,0.0,0.0,332.27,0.0,-0.0,33227.0,0,0,0.0,52158.023399999984,,0.011049076169877159,31266.000000000004,33227.0,0.6370448462968406,False,[],False,,
2026-09-14,2026-09-14T16:00:00-04:00,covered_call,quoted_side,18931.023399999984,,0,,0,100,0.0,0.0,333.08,0.0,-0.0,33308.0,0,0,0.0,52239.023399999984,,0.0015529729602445919,31266.000000000004,33308.0,0.6376076318455833,False,[],False,,
2026-09-15,2026-09-15T16:00:00-04:00,covered_call,quoted_side,18931.023399999984,,0,,0,100,0.0,0.0,331.34,0.0,-0.0,33134.0,0,0,0.0,52065.023399999984,,-0.003330843279126028,31266.000000000004,33134.0,0.6363965256568004,False,[],False,,
2026-09-16,2026-09-16T16:00:00-04:00,covered_call,quoted_side,18931.023399999984,,0,,0,100,0.0,0.0,332.41,0.0,-0.0,33241.0,0,0,0.0,52172.023399999984,,0.0020551224797875633,31266.000000000004,33241.0,0.6371422427906066,False,[],False,,
2026-09-17,2026-09-17T16:00:00-04:00,covered_call,quoted_side,18931.023399999984,,0,,0,100,0.0,0.0,337,0.0,-0.0,33700,0,0,0.0,52631.023399999984,,0.008797818640861932,31266.000000000004,33700.0,0.6403067586939609,False,[],False,,
2026-09-18,2026-09-18T16:00:00-04:00,covered_call,quoted_side,18931.023399999984,,0,,0,100,0.0,0.0,336.13,0.0,-0.0,33613.0,0,0,0.0,52544.023399999984,,-0.0016530174482604076,31266.000000000004,33613.0,0.6397111950129044,False,[],False,,
2026-09-21,2026-09-21T16:00:00-04:00,covered_call,quoted_side,18931.023399999984,,0,,0,100,0.0,0.0,338.98,0.0,-0.0,33898.0,0,0,0.0,52829.023399999984,,0.0054240231630224844,31266.000000000004,33898.0,0.6416548673129553,False,[],False,,
2026-09-22,2026-09-22T16:00:00-04:00,covered_call,quoted_side,18931.023399999984,,0,,0,100,0.0,0.0,339.75,0.0,-0.0,33975.0,0,0,0.0,52906.023399999984,,0.0014575321488907722,31266.000000000004,33975.0,0.642176406703816,False,[],False,,
2026-09-23,2026-09-23T16:00:00-04:00,covered_call,quoted_side,18931.023399999984,,0,,0,100,0.0,0.0,337.02,0.0,-0.0,33702.0,0,0,0.0,52633.023399999984,,-0.005160092981019604,31266.000000000004,33702.0,0.6403204266620186,False,[],False,,
2026-09-24,2026-09-24T16:00:00-04:00,covered_call,quoted_side,18931.023399999984,,0,,0,100,0.0,0.0,335.92,0.0,-0.0,33592.0,0,0,0.0,52523.023399999984,,-0.0020899426423601764,31266.000000000004,33592.0,0.6395671426637639,False,[],False,,
2026-09-25,2026-09-25T16:00:00-04:00,covered_call,quoted_side,18931.023399999984,,0,,0,100,0.0,0.0,341.07,0.0,-0.0,34107.0,0,0,0.0,53038.023399999984,,0.009805223817332731,31266.000000000004,34107.0,0.6430669510960699,False,[],False,,
2026-09-28,2026-09-28T16:00:00-04:00,covered_call,quoted_side,18931.023399999984,,0,,0,100,0.0,0.0,338.4,0.0,-0.0,33840.0,0,0,0.0,52771.023399999984,,-0.0050341242543363585,31266.000000000004,33840.0,0.6412610144680274,False,[],False,,
2026-09-29,2026-09-29T16:00:00-04:00,covered_call,quoted_side,18931.023399999984,,0,,0,100,0.0,0.0,329.4,0.0,-0.0,32940.0,0,0,0.0,51871.023399999984,,-0.01705481421457522,31266.000000000004,32940.0,0.6350366320322111,False,[],False,,
2026-09-30,2026-09-30T16:00:00-04:00,covered_call,quoted_side,52229.69319999999,,0,,0,0,0.0,0.0,333.02,0.0,-0.0,0.0,0,0,0.0,52229.69319999999,,0.0069146466849929755,0,0.0,0.0,False,[],False,,
2026-07-06,2026-07-06T16:00:00-04:00,buy_hold,quoted_side,18730.873399999997,,0,,0,100,0.0,0.0,312.66,0.0,-0.0,31266.000000000004,0,0,0.0,49996.8734,-6.253200000005954e-05,-6.253200000005954e-05,31266.000000000004,31266.000000000004,0.6253591049555512,False,[],False,,
2026-07-07,2026-07-07T16:00:00-04:00,buy_hold,quoted_side,18730.873399999997,,0,,0,100,0.0,0.0,310.66,0.0,-0.0,31066.000000000004,0,0,0.0,49796.8734,-0.004062532000000063,-0.004000250143642026,31266.000000000004,31066.000000000004,0.6238544285794458,False,[],False,,
2026-07-08,2026-07-08T16:00:00-04:00,buy_hold,quoted_side,18730.873399999997,,0,,0,100,0.0,0.0,313.39,0.0,-0.0,31339.0,0,0,0.0,50069.8734,0.0,0.005482271905046909,31266.000000000004,31339.0,0.6259053173479764,False,[],False,,
2026-07-09,2026-07-09T16:00:00-04:00,buy_hold,quoted_side,18730.873399999997,,0,,0,100,0.0,0.0,316.22,0.0,-0.0,31622.000000000004,0,0,0.0,50352.8734,0.0,0.005652101369203688,31266.000000000004,31622.000000000004,0.6280078546619746,False,[],False,,
2026-07-10,2026-07-10T16:00:00-04:00,buy_hold,quoted_side,18730.873399999997,,0,,0,100,0.0,0.0,315.32,0.0,-0.0,31532.0,0,0,0.0,50262.8734,-0.001787385583441159,-0.001787385583441159,31266.000000000004,31532.0,0.6273417707154005,False,[],False,,
2026-07-13,2026-07-13T16:00:00-04:00,buy_hold,quoted_side,18730.873399999997,,0,,0,100,0.0,0.0,317.31,0.0,-0.0,31731.0,0,0,0.0,50461.8734,0.0,0.003959184713064889,31266.000000000004,31731.0,0.628811375044986,False,[],False,,
2026-07-14,2026-07-14T16:00:00-04:00,buy_hold,quoted_side,18730.873399999997,,0,,0,100,0.0,0.0,314.86,0.0,-0.0,31486.0,0,0,0.0,50216.8734,-0.004855150700766475,-0.004855150700766475,31266.000000000004,31486.0,0.6270004058038389,False,[],False,,
2026-07-15,2026-07-15T16:00:00-04:00,buy_hold,quoted_side,18730.873399999997,,0,,0,100,0.0,0.0,327.5,0.0,-0.0,32750.0,0,0,0.0,51480.8734,0.0,0.025170822363464795,31266.000000000004,32750.0,0.6361585932223132,False,[],False,,
2026-07-16,2026-07-16T16:00:00-04:00,buy_hold,quoted_side,18730.873399999997,,0,,0,100,0.0,0.0,333.26,0.0,-0.0,33326.0,0,0,0.0,52056.8734,0.0,0.01118862136476495,31266.000000000004,33326.0,0.640184433358612,False,[],False,,
2026-07-17,2026-07-17T16:00:00-04:00,buy_hold,quoted_side,18730.873399999997,,0,,0,100,0.0,0.0,333.74,0.0,-0.0,33374.0,0,0,0.0,52104.8734,0.0,0.0009220684390929268,31266.000000000004,33374.0,0.6405159022994575,False,[],False,,
2026-07-20,2026-07-20T16:00:00-04:00,buy_hold,quoted_side,18730.873399999997,,0,,0,100,0.0,0.0,326.59,0.0,-0.0,32658.999999999996,0,0,0.0,51389.8734,-0.013722324867984415,-0.013722324867984415,31266.000000000004,32658.999999999996,0.6355143112689591,False,[],False,,
2026-07-21,2026-07-21T16:00:00-04:00,buy_hold,quoted_side,18730.873399999997,,0,,0,100,0.0,0.0,327.74,0.0,-0.0,32774.0,0,0,0.0,51504.8734,-0.011515237651455457,0.002237794966040818,31266.000000000004,32774.0,0.6363281343392255,False,[],False,,
2026-07-22,2026-07-22T16:00:00-04:00,buy_hold,quoted_side,18730.873399999997,,0,,0,100,0.0,0.0,325.89,0.0,-0.0,32589.0,0,0,0.0,51319.8734,-0.015065769260654172,-0.0035918931120021425,31266.000000000004,32589.0,0.6350171549721711,False,[],False,,
2026-07-23,2026-07-23T16:00:00-04:00,buy_hold,quoted_side,18730.873399999997,,0,,0,100,0.0,0.0,321.66,0.0,-0.0,32166.000000000004,0,0,0.0,50896.8734,-0.02318401180493035,-0.008242420956556806,31266.000000000004,32166.000000000004,0.6319838106204773,False,[],False,,
2026-07-24,2026-07-24T16:00:00-04:00,buy_hold,quoted_side,18730.873399999997,,0,,0,100,0.0,0.0,333.02,0.0,-0.0,33302.0,0,0,0.0,52032.8734,-0.0013818285181746992,0.022319642133459716,31266.000000000004,33302.0,0.640018469554672,False,[],False,,
2026-07-27,2026-07-27T16:00:00-04:00,buy_hold,quoted_side,18730.873399999997,,0,,0,100,0.0,0.0,336.91,0.0,-0.0,33691.0,0,0,0.0,52421.8734,0.0,0.0074760430201419314,31266.000000000004,33691.0,0.6426897364564618,False,[],False,,
2026-07-28,2026-07-28T16:00:00-04:00,buy_hold,quoted_side,18730.873399999997,,0,,0,100,0.0,0.0,340.08,0.0,-0.0,34008.0,0,0,0.0,52738.8734,0.0,0.006047094074283832,31266.000000000004,34008.0,0.6448374378812575,False,[],False,,
2026-07-29,2026-07-29T16:00:00-04:00,buy_hold,quoted_side,18730.873399999997,,0,,0,100,0.0,0.0,338.19,0.0,-0.0,33819.0,0,0,0.0,52549.8734,-0.0035836943001517074,-0.0035836943001517074,31266.000000000004,33819.0,0.643560066121872,False,[],False,,
2026-07-30,2026-07-30T16:00:00-04:00,buy_hold,quoted_side,18730.873399999997,,0,,0,100,0.0,0.0,333.43,0.0,-0.0,33343.0,0,0,0.0,52073.8734,-0.012609294759792888,-0.009058061784027016,31266.000000000004,33343.0,0.640301898494841,False,[],False,,
2026-07-31,2026-07-31T16:00:00-04:00,buy_hold,quoted_side,18730.873399999997,,0,,0,100,0.0,0.0,308.91,0.0,-0.0,30891.000000000004,0,0,0.0,49621.8734,-0.05910251393424726,-0.047086952437073726,31266.000000000004,30891.000000000004,0.6225278870668355,False,[],False,,
2026-08-03,2026-08-03T16:00:00-04:00,buy_hold,quoted_side,18730.873399999997,,0,,0,100,0.0,0.0,303.42,0.0,-0.0,30342.0,0,0,0.0,49072.8734,-0.06951229261564018,-0.011063669353523431,31266.000000000004,30342.0,0.6183049391193792,False,[],False,,
2026-08-04,2026-08-04T16:00:00-04:00,buy_hold,quoted_side,18730.873399999997,,0,,0,100,0.0,0.0,309.38,0.0,-0.0,30938.0,0,0,0.0,49668.8734,-0.05821133069558515,0.012145202811784106,31266.000000000004,30938.0,0.6228850763504533,False,[],False,,
2026-08-05,2026-08-05T16:00:00-04:00,buy_hold,quoted_side,18730.873399999997,,0,,0,100,0.0,0.0,311,0.0,-0.0,31100,0,0,0.0,49830.8734,-0.055139592724026576,0.003261600050707081,31266.000000000004,31100.0,0.6241110756850592,False,[],False,,
2026-08-06,2026-08-06T16:00:00-04:00,buy_hold,quoted_side,18730.873399999997,,0,,0,100,0.0,0.0,312.41,0.0,-0.0,31241.000000000004,0,0,0.0,49971.8734,-0.052466043008040475,0.0028295711148422775,31266.000000000004,31241.000000000004,0.6251716790749735,False,[],False,,
2026-08-07,2026-08-07T16:00:00-04:00,buy_hold,quoted_side,18730.873399999997,,0,,0,100,0.0,0.0,313.33,0.0,-0.0,31333.0,0,0,0.0,50063.8734,-0.05072159922172326,0.0018410356414615414,31266.000000000004,31333.0,0.6258604832601706,False,[],False,,
2026-08-10,2026-08-10T16:00:00-04:00,buy_hold,quoted_side,18730.873399999997,,0,,0,100,0.0,0.0,308.26,0.0,-0.0,30826.0,27.0,0,0.0,49583.8734,-0.05982304506337821,-0.009587751953687218,31266.000000000004,30826.0,0.6216940687816455,False,[],False,,
2026-08-11,2026-08-11T16:00:00-04:00,buy_hold,quoted_side,18730.873399999997,,0,,0,100,0.0,0.0,304.91,0.0,-0.0,30491.000000000004,27.0,0,0.0,49248.8734,-0.06617509580703329,-0.006756228931481534,31266.000000000004,30491.000000000004,0.6191207614507585,False,[],False,,
2026-08-12,2026-08-12T16:00:00-04:00,buy_hold,quoted_side,18730.873399999997,,0,,0,100,0.0,0.0,302.25,0.0,-0.0,30225.0,27.0,0,0.0,48982.8734,-0.0712188137109504,-0.005401138780161463,31266.000000000004,30225.0,0.6170524083627973,False,[],False,,
2026-08-13,2026-08-13T16:00:00-04:00,buy_hold,quoted_side,18757.873399999997,,0,,0,100,0.0,0.0,305.26,0.0,-0.0,30526.0,0,0,0.0,49283.8734,-0.06551144871441261,0.006145004960039779,31266.000000000004,30526.0,0.619391251013156,False,[],False,,
2026-08-14,2026-08-14T16:00:00-04:00,buy_hold,quoted_side,18757.873399999997,,0,,0,100,0.0,0.0,305.93,0.0,-0.0,30593.0,0,0,0.0,49350.8734,-0.06424103856568164,0.0013594710678725974,31266.000000000004,30593.0,0.6199079751241039,False,[],False,,
2026-08-17,2026-08-17T16:00:00-04:00,buy_hold,quoted_side,18757.873399999997,,0,,0,100,0.0,0.0,305.59,0.0,-0.0,30558.999999999996,0,0,0.0,49316.8734,-0.06488572431279882,-0.0006889442406504687,31266.000000000004,30558.999999999996,0.6196459323798089,False,[],False,,
2026-08-18,2026-08-18T16:00:00-04:00,buy_hold,quoted_side,18757.873399999997,,0,,0,100,0.0,0.0,310.03,0.0,-0.0,31002.999999999996,0,0,0.0,49760.8734,-0.05646688690926793,0.009003003827894762,31266.000000000004,31002.999999999996,0.6230397073376127,False,[],False,,
2026-08-19,2026-08-19T16:00:00-04:00,buy_hold,quoted_side,18757.873399999997,,0,,0,100,0.0,0.0,316.83,0.0,-0.0,31683.0,0,0,0.0,50440.8734,-0.04357317196692334,0.013665354997567158,31266.000000000004,31683.0,0.628121558259933,False,[],False,,
2026-08-20,2026-08-20T16:00:00-04:00,buy_hold,quoted_side,18757.873399999997,,0,,0,100,0.0,0.0,311.3,0.0,-0.0,31130.0,0,0,0.0,49887.8734,-0.054058796030330036,-0.010963331178163171,31266.000000000004,31130.0,0.6239993384845305,False,[],False,,
2026-08-21,2026-08-21T16:00:00-04:00,buy_hold,quoted_side,18757.873399999997,,0,,0,100,0.0,0.0,309.35,0.0,-0.0,30935.000000000004,0,0,0.0,49692.8734,-0.0577562584035024,-0.003908765531785541,31266.000000000004,30935.000000000004,0.6225238728094964,False,[],False,,
2026-08-24,2026-08-24T16:00:00-04:00,buy_hold,quoted_side,18757.873399999997,,0,,0,100,0.0,0.0,310.34,0.0,-0.0,31033.999999999996,0,0,0.0,49791.8734,-0.05587908519866103,0.0019922373818697103,31266.000000000004,31033.999999999996,0.6232743996332542,False,[],False,,
2026-08-25,2026-08-25T16:00:00-04:00,buy_hold,quoted_side,18757.873399999997,,0,,0,100,0.0,0.0,309.9,0.0,-0.0,30989.999999999996,0,0,0.0,49747.8734,-0.05671338440081275,-0.0008836783393653125,31266.000000000004,30989.999999999996,0.6229412009398576,False,[],False,,
2026-08-26,2026-08-26T16:00:00-04:00,buy_hold,quoted_side,18757.873399999997,,0,,0,100,0.0,0.0,313.45,0.0,-0.0,31345.0,0,0,0.0,50102.8734,-0.049982106747088806,0.007135983424770842,31266.000000000004,31345.0,0.6256128216390879,False,[],False,,
2026-08-27,2026-08-27T16:00:00-04:00,buy_hold,quoted_side,18757.873399999997,,0,,0,100,0.0,0.0,314.58,0.0,-0.0,31458.0,0,0,0.0,50215.8734,-0.047839474705199114,0.002255359669651291,31266.000000000004,31458.0,0.6264552992918769,False,[],False,,
2026-08-28,2026-08-28T16:00:00-04:00,buy_hold,quoted_side,18757.873399999997,,0,,0,100,0.0,0.0,319.7,0.0,-0.0,31970.0,0,0,0.0,50727.8734,-0.038131265807433756,0.01019597918613524,31266.000000000004,31970.0,0.6302255122723123,False,[],False,,
2026-08-31,2026-08-31T16:00:00-04:00,buy_hold,quoted_side,18757.873399999997,,0,,0,100,0.0,0.0,316.85,0.0,-0.0,31685.000000000004,0,0,0.0,50442.8734,-0.043535249275916454,-0.005618213043403486,31266.000000000004,31685.000000000004,0.6281363027983257,False,[],False,,
2026-09-01,2026-09-01T16:00:00-04:00,buy_hold,quoted_side,18757.873399999997,,0,,0,100,0.0,0.0,325.13,0.0,-0.0,32513.0,0,0,0.0,51270.8734,-0.027835255199061604,0.016414608133723085,31266.000000000004,32513.0,0.6341417230469883,False,[],False,,
2026-09-02,2026-09-02T16:00:00-04:00,buy_hold,quoted_side,18757.873399999997,,0,,0,100,0.0,0.0,324.96,0.0,-0.0,32495.999999999996,0,0,0.0,51253.8734,-0.028157598072620194,-0.00033157227237712306,31266.000000000004,32495.999999999996,0.634020374350868,False,[],False,,
2026-09-03,2026-09-03T16:00:00-04:00,buy_hold,quoted_side,18757.873399999997,,0,,0,100,0.0,0.0,328.21,0.0,-0.0,32821.0,0,0,0.0,51578.8734,-0.021995160783999657,0.0063409841723298666,31266.000000000004,32821.0,0.6363264227481169,False,[],False,,
2026-09-04,2026-09-04T16:00:00-04:00,buy_hold,quoted_side,18757.873399999997,,0,,0,100,0.0,0.0,319.97,0.0,-0.0,31997.000000000004,0,0,0.0,50754.8734,-0.037619309478840735,-0.015975533114300222,31266.000000000004,31997.000000000004,0.6304222206965451,False,[],False,,
2026-09-08,2026-09-08T16:00:00-04:00,buy_hold,quoted_side,18757.873399999997,,0,,0,100,0.0,0.0,316.22,0.0,-0.0,31622.000000000004,0,0,0.0,50379.8734,-0.04472981404263365,-0.007388453066262568,31266.000000000004,31622.000000000004,0.6276712874788607,False,[],False,,
2026-09-09,2026-09-09T16:00:00-04:00,buy_hold,quoted_side,18757.873399999997,,0,,0,100,0.0,0.0,315.34,0.0,-0.0,31533.999999999996,0,0,0.0,50291.8734,-0.0463984124469371,-0.001746729280189152,31266.000000000004,31533.999999999996,0.627019792028666,False,[],False,,
2026-09-10,2026-09-10T16:00:00-04:00,buy_hold,quoted_side,18757.873399999997,,0,,0,100,0.0,0.0,326.57,0.0,-0.0,32657.0,0,0,0.0,51414.8734,-0.025104821446565118,0.022329651374649373,31266.000000000004,32657.0,0.6351663991455049,False,[],False,,
2026-09-11,2026-09-11T16:00:00-04:00,buy_hold,quoted_side,18757.873399999997,,0,,0,100,0.0,0.0,332.27,0.0,-0.0,33227.0,0,0,0.0,51984.8734,-0.014296854509599721,0.011086286171814175,31266.000000000004,33227.0,0.6391667003655721,False,[],False,,
2026-09-14,2026-09-14T16:00:00-04:00,buy_hold,quoted_side,18757.873399999997,,0,,0,100,0.0,0.0,333.08,0.0,-0.0,33308.0,0,0,0.0,52065.8734,-0.012760985523820434,0.001558145566244562,31266.000000000004,33308.0,0.6397280564969837,False,[],False,,
2026-09-15,2026-09-15T16:00:00-04:00,buy_hold,quoted_side,18757.873399999997,,0,,0,100,0.0,0.0,331.34,0.0,-0.0,33134.0,0,0,0.0,51891.8734,-0.016060259641420438,-0.0033419203143532084,31266.000000000004,33134.0,0.638520019205936,False,[],False,,
2026-09-16,2026-09-16T16:00:00-04:00,buy_hold,quoted_side,18757.873399999997,,0,,0,100,0.0,0.0,332.41,0.0,-0.0,33241.0,0,0,0.0,51998.8734,-0.014031395672551517,0.002061979901461841,31266.000000000004,33241.0,0.6392638498971788,False,[],False,,
2026-09-17,2026-09-17T16:00:00-04:00,buy_hold,quoted_side,18757.873399999997,,0,,0,100,0.0,0.0,337,0.0,-0.0,33700,0,0,0.0,52457.8734,-0.005328138086468925,0.008827114319749807,31266.000000000004,33700.0,0.6424202472531035,False,[],False,,
2026-09-18,2026-09-18T16:00:00-04:00,buy_hold,quoted_side,18757.873399999997,,0,,0,100,0.0,0.0,336.13,0.0,-0.0,33613.0,0,0,0.0,52370.8734,-0.006977775145268872,-0.0016584736353418839,31266.000000000004,33613.0,0.6418262254912098,False,[],False,,
2026-09-21,2026-09-21T16:00:00-04:00,buy_hold,quoted_side,18757.873399999997,,0,,0,100,0.0,0.0,338.98,0.0,-0.0,33898.0,0,0,0.0,52655.8734,-0.0015737916767861737,0.005441956215303412,31266.000000000004,33898.0,0.6437648416254359,False,[],False,,
2026-09-22,2026-09-22T16:00:00-04:00,buy_hold,quoted_side,18757.873399999997,,0,,0,100,0.0,0.0,339.75,0.0,-0.0,33975.0,0,0,0.0,52732.8734,-0.00011376807302065917,0.0014623249986771558,31266.000000000004,33975.0,0.644285012543997,False,[],False,,
2026-09-23,2026-09-23T16:00:00-04:00,buy_hold,quoted_side,18757.873399999997,,0,,0,100,0.0,0.0,337.02,0.0,-0.0,33702.0,0,0,0.0,52459.8734,-0.005290215395461928,-0.005177036303885552,31266.000000000004,33702.0,0.642433879758467,False,[],False,,
2026-09-24,2026-09-24T16:00:00-04:00,buy_hold,quoted_side,18757.873399999997,,0,,0,100,0.0,0.0,335.92,0.0,-0.0,33592.0,0,0,0.0,52349.8734,-0.0073759634008412345,-0.0020968407445680626,31266.000000000004,33592.0,0.6416825451195839,False,[],False,,
2026-09-25,2026-09-25T16:00:00-04:00,buy_hold,quoted_side,18757.873399999997,,0,,0,100,0.0,0.0,341.07,0.0,-0.0,34107.0,0,0,0.0,52864.8734,0.0,0.009837655118378974,31266.000000000004,34107.0,0.6451732087189677,False,[],False,,
2026-09-28,2026-09-28T16:00:00-04:00,buy_hold,quoted_side,18757.873399999997,,0,,0,100,0.0,0.0,338.4,0.0,-0.0,33840.0,0,0,0.0,52597.8734,-0.00505061268150131,-0.00505061268150131,31266.000000000004,33840.0,0.6433720189151222,False,[],False,,
2026-09-29,2026-09-29T16:00:00-04:00,buy_hold,quoted_side,18757.873399999997,,0,,0,100,0.0,0.0,329.4,0.0,-0.0,32940.0,0,0,0.0,51697.8734,-0.022075149810157346,-0.017110957949870276,31266.000000000004,32940.0,0.6371635394967717,False,[],False,,
2026-09-30,2026-09-30T16:00:00-04:00,buy_hold,quoted_side,52056.5432,,0,,0,0,0.0,0.0,333.02,0.0,-0.0,0.0,0,0,0.0,52056.5432,-0.015290497224570987,0.00693780568544633,0,0.0,0.0,False,[],False,,
