id,reason,scope
2AAPLA2128D00247000.FO,NONSTANDARD_ROOT_VENUE_OR_UNSUPPORTED_ENCODING,contract identity/terms screening
2AAPLF1727D00192000.FO,NONSTANDARD_ROOT_VENUE_OR_UNSUPPORTED_ENCODING,contract identity/terms screening
2AAPLI1727D00247000.FO,NONSTANDARD_ROOT_VENUE_OR_UNSUPPORTED_ENCODING,contract identity/terms screening
2AAPLL1727D00192000.FO,NONSTANDARD_ROOT_VENUE_OR_UNSUPPORTED_ENCODING,contract identity/terms screening
2AAPLL1727D00254000.FO,NONSTANDARD_ROOT_VENUE_OR_UNSUPPORTED_ENCODING,contract identity/terms screening
AAPLF172700500.U,OUTSIDE_PREDECLARED_LONG_DTE_WINDOW,"data-acquisition filter, not a claim of invalid listing"
AAPLF172701000.U,OUTSIDE_PREDECLARED_LONG_DTE_WINDOW,"data-acquisition filter, not a claim of invalid listing"
AAPLF172701500.U,OUTSIDE_PREDECLARED_LONG_DTE_WINDOW,"data-acquisition filter, not a claim of invalid listing"
AAPLF172702000.U,OUTSIDE_PREDECLARED_LONG_DTE_WINDOW,"data-acquisition filter, not a claim of invalid listing"
AAPLF172702500.U,OUTSIDE_PREDECLARED_LONG_DTE_WINDOW,"data-acquisition filter, not a claim of invalid listing"
AAPLF172703000.U,OUTSIDE_PREDECLARED_LONG_DTE_WINDOW,"data-acquisition filter, not a claim of invalid listing"
AAPLF172703500.U,OUTSIDE_PREDECLARED_LONG_DTE_WINDOW,"data-acquisition filter, not a claim of invalid listing"
AAPLF172704000.U,OUTSIDE_PREDECLARED_LONG_DTE_WINDOW,"data-acquisition filter, not a claim of invalid listing"
AAPLF172704500.U,OUTSIDE_PREDECLARED_LONG_DTE_WINDOW,"data-acquisition filter, not a claim of invalid listing"
AAPLF172705000.U,OUTSIDE_PREDECLARED_LONG_DTE_WINDOW,"data-acquisition filter, not a claim of invalid listing"
AAPLF172705500.U,OUTSIDE_PREDECLARED_LONG_DTE_WINDOW,"data-acquisition filter, not a claim of invalid listing"
AAPLF172706000.U,OUTSIDE_PREDECLARED_LONG_DTE_WINDOW,"data-acquisition filter, not a claim of invalid listing"
AAPLF172706500.U,OUTSIDE_PREDECLARED_LONG_DTE_WINDOW,"data-acquisition filter, not a claim of invalid listing"
AAPLF172707000.U,OUTSIDE_PREDECLARED_LONG_DTE_WINDOW,"data-acquisition filter, not a claim of invalid listing"
AAPLF172707500.U,OUTSIDE_PREDECLARED_LONG_DTE_WINDOW,"data-acquisition filter, not a claim of invalid listing"
AAPLF172708000.U,OUTSIDE_PREDECLARED_LONG_DTE_WINDOW,"data-acquisition filter, not a claim of invalid listing"
AAPLF172708500.U,OUTSIDE_PREDECLARED_LONG_DTE_WINDOW,"data-acquisition filter, not a claim of invalid listing"
AAPLF172709000.U,OUTSIDE_PREDECLARED_LONG_DTE_WINDOW,"data-acquisition filter, not a claim of invalid listing"
AAPLF172709500.U,OUTSIDE_PREDECLARED_LONG_DTE_WINDOW,"data-acquisition filter, not a claim of invalid listing"
AAPLF172710000.U,OUTSIDE_PREDECLARED_LONG_DTE_WINDOW,"data-acquisition filter, not a claim of invalid listing"
AAPLF172710500.U,OUTSIDE_PREDECLARED_LONG_DTE_WINDOW,"data-acquisition filter, not a claim of invalid listing"
AAPLF172711000.U,OUTSIDE_PREDECLARED_LONG_DTE_WINDOW,"data-acquisition filter, not a claim of invalid listing"
AAPLF172711500.U,OUTSIDE_PREDECLARED_LONG_DTE_WINDOW,"data-acquisition filter, not a claim of invalid listing"
AAPLF172712000.U,OUTSIDE_PREDECLARED_LONG_DTE_WINDOW,"data-acquisition filter, not a claim of invalid listing"
AAPLF172712500.U,OUTSIDE_PREDECLARED_LONG_DTE_WINDOW,"data-acquisition filter, not a claim of invalid listing"
AAPLF172713000.U,OUTSIDE_PREDECLARED_LONG_DTE_WINDOW,"data-acquisition filter, not a claim of invalid listing"
AAPLF172713500.U,OUTSIDE_PREDECLARED_LONG_DTE_WINDOW,"data-acquisition filter, not a claim of invalid listing"
AAPLF172714000.U,OUTSIDE_PREDECLARED_LONG_DTE_WINDOW,"data-acquisition filter, not a claim of invalid listing"
AAPLF172714500.U,OUTSIDE_PREDECLARED_LONG_DTE_WINDOW,"data-acquisition filter, not a claim of invalid listing"
AAPLF172715000.U,OUTSIDE_PREDECLARED_LONG_DTE_WINDOW,"data-acquisition filter, not a claim of invalid listing"
AAPLF172715500.U,OUTSIDE_PREDECLARED_LONG_DTE_WINDOW,"data-acquisition filter, not a claim of invalid listing"
AAPLF172716000.U,OUTSIDE_PREDECLARED_LONG_DTE_WINDOW,"data-acquisition filter, not a claim of invalid listing"
AAPLF172716500.U,OUTSIDE_PREDECLARED_LONG_DTE_WINDOW,"data-acquisition filter, not a claim of invalid listing"
AAPLF172717000.U,OUTSIDE_PREDECLARED_LONG_DTE_WINDOW,"data-acquisition filter, not a claim of invalid listing"
AAPLF172717500.U,OUTSIDE_PREDECLARED_LONG_DTE_WINDOW,"data-acquisition filter, not a claim of invalid listing"
AAPLF172718000.U,OUTSIDE_PREDECLARED_LONG_DTE_WINDOW,"data-acquisition filter, not a claim of invalid listing"
AAPLF172718500.U,OUTSIDE_PREDECLARED_LONG_DTE_WINDOW,"data-acquisition filter, not a claim of invalid listing"
AAPLF172719000.U,OUTSIDE_PREDECLARED_LONG_DTE_WINDOW,"data-acquisition filter, not a claim of invalid listing"
AAPLF172719500.U,OUTSIDE_PREDECLARED_LONG_DTE_WINDOW,"data-acquisition filter, not a claim of invalid listing"
AAPLF172720000.U,OUTSIDE_PREDECLARED_LONG_DTE_WINDOW,"data-acquisition filter, not a claim of invalid listing"
AAPLF172721000.U,OUTSIDE_PREDECLARED_LONG_DTE_WINDOW,"data-acquisition filter, not a claim of invalid listing"
AAPLF172722000.U,OUTSIDE_PREDECLARED_LONG_DTE_WINDOW,"data-acquisition filter, not a claim of invalid listing"
AAPLF172723000.U,OUTSIDE_PREDECLARED_LONG_DTE_WINDOW,"data-acquisition filter, not a claim of invalid listing"
AAPLF172724000.U,OUTSIDE_PREDECLARED_LONG_DTE_WINDOW,"data-acquisition filter, not a claim of invalid listing"
AAPLF172725000.U,OUTSIDE_PREDECLARED_LONG_DTE_WINDOW,"data-acquisition filter, not a claim of invalid listing"
