id,date,daily_bid_missing,status,source_timestamp,raw_sha256,error
AAPLG102633000.U^G26,2026-07-10,True,unresolved_no_valid_quote_in_final_60_seconds,,1aa5fc6ef5b5a74ac8c886d669305f58f5b172baef4328fa65b2748bd41d30e8,
AAPLG102633250.U^G26,2026-07-09,True,unresolved_no_valid_quote_in_final_60_seconds,,bb41943f5350661f2b7b065f9d9148cf307abce7579cfbaa36ea14c48b9d1359,
AAPLG102633250.U^G26,2026-07-10,True,unresolved_no_valid_quote_in_final_60_seconds,,4fb82daecdf793dd2d56962288490284592119c5826eb38ddc5a7bfc76a399cb,
AAPLG102633500.U^G26,2026-07-09,True,unresolved_no_valid_quote_in_final_60_seconds,,d8b50dd8a29d23778fd8ad89cc691c6c85579d238a7d7bdba320616d5c23b22d,
AAPLG102633500.U^G26,2026-07-10,True,unresolved_no_valid_quote_in_final_60_seconds,,8060f67d412d00bedc94ff2d8e91e91759ada58314e5ed4c0a70595bd1825987,
AAPLG102633750.U^G26,2026-07-08,True,unresolved_no_valid_quote_in_final_60_seconds,,79e977f5fe5c43cfbca65c793a1ebafb3d4b5bbce9e37d52de65625103198ad5,
AAPLG102633750.U^G26,2026-07-09,True,unresolved_no_valid_quote_in_final_60_seconds,,bf58dc19e0dbcd85ffb19cc591d7ce35878ad6930ed965ab09e0b249e290dd0b,
AAPLG102633750.U^G26,2026-07-10,True,unresolved_no_valid_quote_in_final_60_seconds,,09575ca6976f472ba1747e334b9e13f4cd968ac71c3b548a7f0a6cc235c76d31,
AAPLG172633750.U^G26,2026-07-17,True,unresolved_no_valid_quote_in_final_60_seconds,,9badeb5c66cd1c5f4719cb6fde8fc99f11a22943fc4b09020d7191c9ec14db6e,
AAPLG172634000.U^G26,2026-07-17,True,unresolved_no_valid_quote_in_final_60_seconds,,cd626eeff9e73362021a0fda0060b95a280e48dcfa60b2b17a65da7a8606cec0,
AAPLG172634250.U^G26,2026-07-17,True,unresolved_no_valid_quote_in_final_60_seconds,,b16cd3db69122b9309663424f3893ac6b16885b4aee0a3038af40df162ddba01,
AAPLG172634500.U^G26,2026-07-17,True,unresolved_no_valid_quote_in_final_60_seconds,,e76b5be2b043f3e4b4f1407184d2e7b81b224a15135104c8561e12c0c20e155d,
AAPLG242634500.U^G26,2026-07-23,True,unresolved_no_valid_quote_in_final_60_seconds,,25ea34671f7a3f272ebe0cb7da5e545e7524ac7d5ef6ee8177c6b6c78f6181e8,
AAPLG242634500.U^G26,2026-07-24,True,unresolved_no_valid_quote_in_final_60_seconds,,640473727f73575fa4b772d529cda4108b7124715990397240654398697e54b9,
AAPLG242634750.U^G26,2026-07-23,True,unresolved_no_valid_quote_in_final_60_seconds,,c9b92052ea85beaa4f4c11f4a1886a741710fa481f62f906c390155f1d0ff150,
AAPLG242634750.U^G26,2026-07-24,True,unresolved_no_valid_quote_in_final_60_seconds,,4a9ed3b73002b3631426acce27acd0a6f46414de8bc32fd37f576b103f3fe4ea,
AAPLG242635000.U^G26,2026-07-23,True,unresolved_no_valid_quote_in_final_60_seconds,,568c569abd40fbc02ded4be425272f2e38043e010fefc4513a5f5913258ac1eb,
AAPLG242635000.U^G26,2026-07-24,True,unresolved_no_valid_quote_in_final_60_seconds,,8446714346a63f15207a5f6694693f587232a67bd0a77d336acde74b6bbd91a5,
AAPLG242635250.U^G26,2026-07-23,True,unresolved_no_valid_quote_in_final_60_seconds,,caca3b23de2af62348ffb4f40add456abca3c02dce6d4766b58a61555b2990cd,
AAPLG242635250.U^G26,2026-07-24,True,unresolved_no_valid_quote_in_final_60_seconds,,0ff0024cdebc0404edd1d2ff259e3467255d67fc16af1cbc1a5ec64d0c729ba5,
AAPLG312633750.U^G26,2026-07-31,True,unresolved_no_valid_quote_in_final_60_seconds,,40218a491d66803dc5c19197ef1723cc51d8632db08e556a8274a9423952b573,
AAPLG312634000.U^G26,2026-07-31,True,unresolved_no_valid_quote_in_final_60_seconds,,deb4b50ffffafa219bcb1f6f5636a0cea7bbbadbfce9ea794fdb524a1d245ff9,
AAPLG312635750.U^G26,2026-07-31,True,unresolved_no_valid_quote_in_final_60_seconds,,13a0a722699b20f66d0fadef379adf93417a02d0816b33ad8c23abe2089d2832,
AAPLG312636000.U^G26,2026-07-31,True,unresolved_no_valid_quote_in_final_60_seconds,,4c74feb7123c90c4f7f3765e98506a6aa30789f6838186e602b8f09131877c85,
AAPLG312636250.U^G26,2026-07-31,True,unresolved_no_valid_quote_in_final_60_seconds,,c52dcb64b7ca9808d61e178b24401447c021444ddf0c43657f2c259dd78ce0ae,
AAPLG312636500.U^G26,2026-07-31,True,unresolved_no_valid_quote_in_final_60_seconds,,2fad19ab8dcc60d34e7716cbcb934af6bf85987913a087c5810f55d6df587547,
AAPLH072632250.U^H26,2026-08-07,True,unresolved_no_valid_quote_in_final_60_seconds,,1961812bba8be1d241a5b454d5536f28de5a6792cbcb3259c0eab59ac97327b5,
AAPLH072632500.U^H26,2026-08-07,True,unresolved_no_valid_quote_in_final_60_seconds,,b3c574f559568c45cf7d8358d44a623ce4f7f84dbfe8ab0e58c621c958a58646,
AAPLH072632750.U^H26,2026-08-07,True,unresolved_no_valid_quote_in_final_60_seconds,,927d5ded0fdbccdad9b595672a483b64d0250d52cc948a72ad4fde32a0368933,
AAPLH072633000.U^H26,2026-08-07,True,unresolved_no_valid_quote_in_final_60_seconds,,1eee5152d0dc793d735fba4d1fef589ff25d1b21b89ae1740d167314dbe22389,
AAPLH142630750.U^H26,2026-08-14,True,recovered_closing_bbo,2026-08-14T19:59:57.218000+00:00,93bd1f35b8d67a757f4202d5760c1f99dc8aa85815a6eb9899a20d0aeed162af,
AAPLH142632250.U^H26,2026-08-13,True,unresolved_no_valid_quote_in_final_60_seconds,,4ce77acd662d6cbe300b42cf16581d3934f6baa056cebe14d41b2389bc61f2d2,
AAPLH142632250.U^H26,2026-08-14,True,unresolved_no_valid_quote_in_final_60_seconds,,80622a5f86a50f47542d922a8b1f11690d49ab72e3264d2e5411418e14a94d17,
AAPLH142632500.U^H26,2026-08-13,True,unresolved_no_valid_quote_in_final_60_seconds,,11a4f5316c9874224b47fcec9b6c751d32b2df4af17bf486263192417b858151,
AAPLH142632500.U^H26,2026-08-14,True,recovered_closing_bbo,2026-08-14T19:59:50.045000+00:00,a20bac6feb115616ef429d2e70171e9aa3e27257008b5c02381ae49dda1434ad,
AAPLH142632750.U^H26,2026-08-12,True,unresolved_no_valid_quote_in_final_60_seconds,,96b77b797ed3725073e70c79e1b207669a56806abedda692b55612b412b9dca5,
AAPLH142632750.U^H26,2026-08-13,True,unresolved_no_valid_quote_in_final_60_seconds,,ee6322929609a92e58c6f4ff29c2c24bd4ff8f2afeb07cb8640700b09973952b,
AAPLH142632750.U^H26,2026-08-14,True,unresolved_no_valid_quote_in_final_60_seconds,,c8e834bd41f17375303e8896c6b1124740d46d1ed950a6b31df51c90c3e0c187,
AAPLH142633000.U^H26,2026-08-13,True,recovered_closing_bbo,2026-08-13T19:59:31.022000+00:00,9cdd430d16ac7e65b05da43a2433fed352c2af1ae6b257ed998f7b4f57f638d3,
AAPLH142633000.U^H26,2026-08-14,True,recovered_closing_bbo,2026-08-14T19:59:50.045000+00:00,8b14706cd7646a043f03efdabfcb78a8f3113153e0763f1475a1dbd953597f82,
AAPLH142633250.U^H26,2026-08-12,True,recovered_closing_bbo,2026-08-12T19:59:52.554000+00:00,07e79fdf667172b798623841271ad20ad246801225c6b6311822e874cadaa128,
AAPLH142633250.U^H26,2026-08-13,True,recovered_closing_bbo,2026-08-13T19:59:29.472000+00:00,ab1dac58759b33f03b599b3855bf0659f845e87dcf99624d8dc227bb7e77fa08,
AAPLH142633250.U^H26,2026-08-14,True,unresolved_no_valid_quote_in_final_60_seconds,,b4e649f53530a5b3d14ffbf1955bb6383921f86012c7446e34aa07f50398c0de,
AAPLH212632000.U^H26,2026-08-21,True,recovered_closing_bbo,2026-08-21T19:59:38.232000+00:00,31118399aac783b2600906d623756a5bfe0cd6e993aeb9f5b5df903f9d173255,
AAPLH212632250.U^H26,2026-08-21,True,unresolved_no_valid_quote_in_final_60_seconds,,c8ce0bc10aec64b8b7748f9fd8d0cc2a49565e066349b1c8e63f67e713208354,
AAPLH212632500.U^H26,2026-08-21,True,recovered_closing_bbo,2026-08-21T19:59:09.974000+00:00,b1fb06f77296f3021c64b40f27834256439bbae7f1d1ff2621c80182bec878d7,
AAPLH212632750.U^H26,2026-08-21,True,unresolved_no_valid_quote_in_final_60_seconds,,d7f54896a944ba10304fbc1e7198b779fa59ad2f2b9436a2222cafbb85fed4a6,
AAPLH282633000.U^H26,2026-08-27,True,recovered_closing_bbo,2026-08-27T19:59:49.231000+00:00,b54bbf92a723d02d270fa1eca5d80655f17c6ffada6f739cbd6db65dff00c634,
AAPLH282633000.U^H26,2026-08-28,True,unresolved_no_valid_quote_in_final_60_seconds,,7376c5a77725e085aa6822ec420deffb3892b7a418ef9dcee1ae6a5e5d3f644b,
AAPLH282633250.U^H26,2026-08-27,True,unresolved_no_valid_quote_in_final_60_seconds,,f14427edd24b7bf09c2cb384bb946e0ea874d1cd5cab2df0b111c2c570dd74bb,
AAPLH282633250.U^H26,2026-08-28,True,recovered_closing_bbo,2026-08-28T19:59:51.384000+00:00,d2f298d637f593b5768a363ef37da32e5061e6a75cd5481fa036244d363ffd76,
AAPLH282633500.U^H26,2026-08-27,True,unresolved_no_valid_quote_in_final_60_seconds,,af64a6b2f282415da558f96a8c368849464f3ffc27955ef0472d3b70c50c674e,
AAPLH282633500.U^H26,2026-08-28,True,unresolved_no_valid_quote_in_final_60_seconds,,67042f924602650a3ea0fdc30ddeeb288fd4966bca7eb16c0b13214236d69017,
AAPLH282633750.U^H26,2026-08-27,True,unresolved_no_valid_quote_in_final_60_seconds,,0c9eb336296af0c73140523d726ffeacbf3ba8738d8431b6d001561cfa31ca97,
AAPLH282633750.U^H26,2026-08-28,True,recovered_closing_bbo,2026-08-28T19:59:57.093000+00:00,b38cced2e3f3cbd9c7471b49d3590141d009b1e33513dd65352d2bfe8a4dc0b6,
AAPLI042633250.U^I26,2026-09-04,True,unresolved_no_valid_quote_in_final_60_seconds,,27ce1c53888297ef5917044a4df4d3680f36fccbd5ff9bb28b795fd55b1ecc23,
AAPLI042633500.U^I26,2026-09-04,True,recovered_closing_bbo,2026-09-04T19:59:38.562000+00:00,8883ef26b6d512b21aea769001193e24acdf3ef16c2c8d33ad49d6da1c926118,
AAPLI042633750.U^I26,2026-09-04,True,recovered_closing_bbo,2026-09-04T19:59:49.157000+00:00,4950d0bd0e47cf251f9fb8239a76b580ab2e120652cb45f3b8cc4d75860fe283,
AAPLI042634000.U^I26,2026-09-04,True,recovered_closing_bbo,2026-09-04T19:59:56.746000+00:00,e54a8b3709183afc7533a7a47b36af8f02187693d271b7a1e6392cc655453786,
AAPLI112633500.U^I26,2026-09-11,True,recovered_closing_bbo,2026-09-11T19:59:57.667000+00:00,d7781083940bea9bb42f899b1621caa8ef859ea9f8fe9ccbe35418adf1bf4fb1,
AAPLI112633750.U^I26,2026-09-11,True,recovered_closing_bbo,2026-09-11T19:59:51.422000+00:00,67f87a79bf481461d99f3b7c6ad6ec0903a14ea5991bf1f774a81d19df36b468,
AAPLI112634000.U^I26,2026-09-11,True,unresolved_no_valid_quote_in_final_60_seconds,,9cf17c1fb279c25e5dfebf9f60bff99e66c0762e956c2cc48f488be7a5d4638c,
AAPLI112634250.U^I26,2026-09-11,True,unresolved_no_valid_quote_in_final_60_seconds,,04f76ead0f6841cad6adca755746cb455cdf23fd6c99c52ef69e682fa836d083,
AAPLI112634500.U^I26,2026-09-11,True,unresolved_no_valid_quote_in_final_60_seconds,,9594678f17476e119f827d7a719cb4790f802bfd1283f97b44627f4daa96153c,
AAPLI112635000.U^I26,2026-09-10,True,recovered_closing_bbo,2026-09-10T19:59:48.577000+00:00,67d97f563ddbc68eb222166166bfb3feaa653ff1dfb32ab720fd6002dc19d406,
AAPLI112635000.U^I26,2026-09-11,True,recovered_closing_bbo,2026-09-11T19:59:53.197000+00:00,8e995a8e4bcb0bf9c010dc6c9d5129d83e41761983e153b5649e8ded97785e80,
AAPLI112635500.U^I26,2026-09-09,True,recovered_closing_bbo,2026-09-09T19:59:57.653000+00:00,852a183dd608d16c05d78fbb03328394edb7eddb1e199c532f263d9c1b533ff9,
AAPLI112635500.U^I26,2026-09-10,True,unresolved_no_valid_quote_in_final_60_seconds,,4c7024452b09ce8f6b45cb9228cce513b8ae7e303dab3e801b98a04726650f2a,
AAPLI112635500.U^I26,2026-09-11,True,unresolved_no_valid_quote_in_final_60_seconds,,2e361679ab3731133b003679a4e6d5e10834a54e62baa06b9a46208c52696834,
AAPLI112636000.U^I26,2026-09-09,True,recovered_closing_bbo,2026-09-09T19:59:56.722000+00:00,6d84993866e01c85f27fb3e38ccdaacffa6d0d148bcbf66f76e5796e9dccd7a3,
AAPLI112636000.U^I26,2026-09-10,True,unresolved_no_valid_quote_in_final_60_seconds,,79402c8d0ec824d93d5c40ad2cdc04d8e6da096ce189fdc6e8e301018de5c62f,
AAPLI112636000.U^I26,2026-09-11,True,unresolved_no_valid_quote_in_final_60_seconds,,a949987e77bd1ca4593a34b4f2154d29964c8a16eb341f222bc14ec0d409c626,
AAPLI112636500.U^I26,2026-09-09,True,recovered_closing_bbo,2026-09-09T19:59:55.478000+00:00,63c616f604be06efc04a7ee8f113a09e509a880ea03ec6d663c84e426a744843,
AAPLI112636500.U^I26,2026-09-10,True,unresolved_no_valid_quote_in_final_60_seconds,,0b8c76dfa892c6ce0b2dc4d7fd87d268812bc3f90fd7e66d283b8bb131faebbb,
AAPLI112636500.U^I26,2026-09-11,True,unresolved_no_valid_quote_in_final_60_seconds,,9326419d7e852f62250cfbacefabc0805623ebf5de80be1193352996237f61c0,
AAPLI112637000.U^I26,2026-08-27,True,recovered_closing_bbo,2026-08-27T19:59:51.779000+00:00,46490582619aff8549532ae7c577f08a4fa3af48a7b5b3e6ac033616af53dc5d,
AAPLI112637000.U^I26,2026-08-31,True,recovered_closing_bbo,2026-08-31T19:59:52.683000+00:00,456289e6371e8c04716163e4a9d925cfbbe6e38569f88991c09fd9a48e97eb78,
AAPLI112637000.U^I26,2026-09-09,True,unresolved_no_valid_quote_in_final_60_seconds,,5bf2c0b814a2806567c9ee60baf725950f5eb3856d0f5cffe406fb7ca32672ea,
AAPLI112637000.U^I26,2026-09-10,True,unresolved_no_valid_quote_in_final_60_seconds,,d37831e2a46d97a6c902756c5c29e01ff28a18ae147efb02f808f9214b7577e9,
AAPLI112637000.U^I26,2026-09-11,True,unresolved_no_valid_quote_in_final_60_seconds,,59f9d90b92ddfc9fabf6fec2b7a81051baad457d4be66ae03ff62027a4228158,
AAPLI112637500.U^I26,2026-07-30,True,unresolved_no_valid_quote_in_final_60_seconds,,2438a68988242a676ebc6b73fe78980244c874e17446bdef244fadbd80f46710,
AAPLI112637500.U^I26,2026-08-18,True,recovered_closing_bbo,2026-08-18T19:59:55.152000+00:00,072e029c811ff06b1adbbbc8366275e6b54f02f55d974f43f9d0b9b12b1ebe45,
AAPLI112637500.U^I26,2026-08-24,True,recovered_closing_bbo,2026-08-24T19:59:53.639000+00:00,df64a50350c1a30af36042b68af5464f3dbfc3fdbf124ada8eb14eb8a90a9456,
AAPLI112637500.U^I26,2026-08-26,True,recovered_closing_bbo,2026-08-26T19:59:50.846000+00:00,6b5ed13da26856596000249c242f08983a26d3d5ea8caf82dc12450e576039cb,
AAPLI112637500.U^I26,2026-08-27,True,recovered_closing_bbo,2026-08-27T19:59:50.183000+00:00,d030a272562989453659615bdb0d888463d68daf22ff4c138e452ba25cba9dbe,
AAPLI112637500.U^I26,2026-08-28,True,recovered_closing_bbo,2026-08-28T19:59:49.907000+00:00,7d54f505477fd83e65f031124e4b3591fecd81b7ecac710430a96f86b2c11b1d,
AAPLI112637500.U^I26,2026-08-31,True,recovered_closing_bbo,2026-08-31T19:59:56.058000+00:00,c113fdfe05537e7e7a9c79cceea3bc69760095b625a4757593ea4552bb72c746,
AAPLI112637500.U^I26,2026-09-03,True,recovered_closing_bbo,2026-09-03T19:59:54.258000+00:00,98bb0b59b83a2201edd0cbcdde9bf484a18fcd4f2b9927ccccb9edc31f106456,
AAPLI112637500.U^I26,2026-09-09,True,unresolved_no_valid_quote_in_final_60_seconds,,600dd432577317cb3be2b74ae7239826b4bd4186e620cfc31573af6b26ce244a,
AAPLI112637500.U^I26,2026-09-10,True,unresolved_no_valid_quote_in_final_60_seconds,,7019b65e17c72ae24049b138ff2238b47aac82b4594b1c752b3f1ce56671c167,
AAPLI112637500.U^I26,2026-09-11,True,unresolved_no_valid_quote_in_final_60_seconds,,29dd66f8edc152a9b0a13bfadd7ab68ff11f61aaf64f7517da3ff32ff2484fe8,
AAPLI112638000.U^I26,2026-07-30,True,unresolved_no_valid_quote_in_final_60_seconds,,860dd5157d13aa21dcc8d63065d8bdc95cf801d7d540408db6a8b5a8908b9a8e,
AAPLI112638000.U^I26,2026-08-17,True,recovered_closing_bbo,2026-08-17T19:59:55.230000+00:00,ffbc80453d914bc733610517290961443514eecc0290d390e9ca0f823df6d77e,
AAPLI112638000.U^I26,2026-08-21,True,recovered_closing_bbo,2026-08-21T19:59:55.024000+00:00,ee6b453ff859ee1bf447a790040ea9481261832ec9662df8d80cc591f91385f2,
AAPLI112638000.U^I26,2026-08-24,True,recovered_closing_bbo,2026-08-24T19:59:57.047000+00:00,2778b4c481b88dcf0edf0bda646cb7781a86b08994030733e0e749d04d0333cb,
AAPLI112638000.U^I26,2026-08-26,True,recovered_closing_bbo,2026-08-26T19:59:52.866000+00:00,d1811789632d35d7246eb6bcecfd5a3101554d7532dbc3b4749998d1fbeb2c3a,
AAPLI112638000.U^I26,2026-08-28,True,recovered_closing_bbo,2026-08-28T19:59:50.392000+00:00,a1b943f412c78b0f855043f909b53773341749cf2421648295cbbac4b91577ce,
AAPLI112638000.U^I26,2026-08-31,True,recovered_closing_bbo,2026-08-31T19:59:49.163000+00:00,bbabd08f992573b79fe284ce006d89474c6418a19a99b50e13cc0d17234afa13,
AAPLI112638000.U^I26,2026-09-02,True,recovered_closing_bbo,2026-09-02T19:59:52.301000+00:00,960b782aef6b5b3abbb10ca267c70658f14499c50595345ce383076aa5466617,
AAPLI112638000.U^I26,2026-09-04,True,recovered_closing_bbo,2026-09-04T19:59:55.929000+00:00,0b0cb1957867c82806cefca2f12b78f8cc2aee3c87c4e3bd332fdabf86d498ae,
AAPLI112638000.U^I26,2026-09-08,True,unresolved_no_valid_quote_in_final_60_seconds,,c8406ee597a7c8a48a6814cf1abf11d9d47fefc5848872dd41e277e248430cf4,
AAPLI112638000.U^I26,2026-09-09,True,recovered_closing_bbo,2026-09-09T19:59:45.044000+00:00,ca680bf0b52c6859501b9d41bcde250396d6f8c9f25f6e5064490a0395fa9bc8,
AAPLI112638000.U^I26,2026-09-10,True,recovered_closing_bbo,2026-09-10T19:59:49.922000+00:00,55ce140767d6cbddd029b4f5cf8c6b45051d9315ecf49bcadaf0d6f21c570042,
AAPLI112638000.U^I26,2026-09-11,True,unresolved_no_valid_quote_in_final_60_seconds,,a48d2568da1ccbcc6d4a9a2b2cd43a506e2de12ddf10c329a872e651b8f20ee9,
AAPLI182633750.U^I26,2026-09-18,True,recovered_closing_bbo,2026-09-18T19:59:53.770000+00:00,9b53d5722a79fb2102da66939816b111a21d444972295666c9344faa06f5b97c,
AAPLI182634000.U^I26,2026-09-18,True,recovered_closing_bbo,2026-09-18T19:59:41.319000+00:00,0a766a6b98741d0f5ed57bf6114cfd9c1a39a811919693621e366d96254a594d,
AAPLI182634250.U^I26,2026-09-18,True,recovered_closing_bbo,2026-09-18T19:59:35.219000+00:00,a0383fb5a254cf0beea12574579b46f6cbc39c0563bc134621c9d88ec6311be9,
AAPLI182634500.U^I26,2026-09-18,True,unresolved_no_valid_quote_in_final_60_seconds,,a20a58d7010b35b55e09d6ea2fe567ef3a0dd96b4c2958d454bb042fdd45333b,
AAPLI182634750.U^I26,2026-09-18,True,recovered_closing_bbo,2026-09-18T19:59:06.059000+00:00,715c4eac286aac2b1e65679eb0ee6d782b354362fbbc0fd36146828fe9de70c8,
AAPLI182635000.U^I26,2026-09-18,True,unresolved_no_valid_quote_in_final_60_seconds,,4f3e39ad5e6ad073c401776f4a999bdfca60a5a8dcfbafa08a3692f613ae89dd,
AAPLI182635500.U^I26,2026-09-18,True,unresolved_no_valid_quote_in_final_60_seconds,,b8703c3d59d12d170e20b6b24d331b684b98b9f71ff9cf0b603c8bff3a49611e,
AAPLI182636000.U^I26,2026-09-17,True,recovered_closing_bbo,2026-09-17T19:59:55.735000+00:00,5497b647607f07c04fb4e16c7182e8de332d108b9cd1d30f18714ccdc531680f,
AAPLI182636000.U^I26,2026-09-18,True,unresolved_no_valid_quote_in_final_60_seconds,,6fd29d3b9b9095cc8fb555c3ac33e51663b3b814699b1ed4b46067a047c5ea10,
AAPLI182636500.U^I26,2026-09-17,True,recovered_closing_bbo,2026-09-17T19:59:50.685000+00:00,c89f8ef4b8f1b9da68262b2516f6c3d343dfd0f68cd3fdb577258335929c5cdb,
AAPLI182636500.U^I26,2026-09-18,True,unresolved_no_valid_quote_in_final_60_seconds,,53d0ea66eba768b8251a070338ff7350b6f68e336c6de43daa065cfc6377cb96,
AAPLI182637000.U^I26,2026-09-15,True,recovered_closing_bbo,2026-09-15T19:59:55.967000+00:00,a1c4961e135c02c10d1020b0ca1cc8d2b1cca938cb5e4b21cb675f379fd7ae20,
AAPLI182637000.U^I26,2026-09-16,True,recovered_closing_bbo,2026-09-16T19:59:54.367000+00:00,ce45b6f96a6f0b2f5c472173cc52ae6c660d4f59a4ddec96301bdfe925547ebc,
AAPLI182637000.U^I26,2026-09-17,True,unresolved_no_valid_quote_in_final_60_seconds,,cc27c547a01a43cea33a85e02acdb35fb5e5436f03c1594bf202070aee9c9df8,
AAPLI182637000.U^I26,2026-09-18,True,unresolved_no_valid_quote_in_final_60_seconds,,c14f849f7d16779d4ccce0e3ad63d14a232297e25adf1f7838e40b4e395c8f32,
AAPLI182637500.U^I26,2026-09-14,True,recovered_closing_bbo,2026-09-14T19:59:49.964000+00:00,5571d6ec7c35348fd9c10e974adf24700e901976564d9d4368ab550234b35bf6,
AAPLI182637500.U^I26,2026-09-15,True,unresolved_no_valid_quote_in_final_60_seconds,,ef5d3080cd8ea57d8dac1fed06da96d278d00e5b362ecd882ba7711b32a5719a,
AAPLI182637500.U^I26,2026-09-16,True,unresolved_no_valid_quote_in_final_60_seconds,,e13273e92b9c566f4608f948fab47bcce6f277cbd47e65523d9fe45211a91aea,
AAPLI182637500.U^I26,2026-09-17,True,unresolved_no_valid_quote_in_final_60_seconds,,3bdc65a5871091709825738ecfa593fc34890945a1a1bd47834fbb37d1356464,
AAPLI182637500.U^I26,2026-09-18,True,unresolved_no_valid_quote_in_final_60_seconds,,a225476f31724f2e199c7e9eb35e5a538254de0cd83da8f473d56dfbb536ceb7,
AAPLI182638000.U^I26,2026-09-14,True,recovered_closing_bbo,2026-09-14T19:59:53.646000+00:00,2618b0fe0e97963837a7cde8a82c3e3569aa175bacfe83d1aac6a81459fec383,
AAPLI182638000.U^I26,2026-09-15,True,unresolved_no_valid_quote_in_final_60_seconds,,e04dfe49c481ca2fd846bf03ff9c602ae690826481af8aa212a294a5e7f7b8a7,
AAPLI182638000.U^I26,2026-09-16,True,unresolved_no_valid_quote_in_final_60_seconds,,e9ac8a0d2c417b89c8107d51e996ec52b28ef7b4bdcb40feb0d41ba818e5c4b1,
AAPLI182638000.U^I26,2026-09-17,True,unresolved_no_valid_quote_in_final_60_seconds,,d2ac632a418c5485184800384845b52d330d3a3587645233325a3fa86df0e7f0,
AAPLI182638000.U^I26,2026-09-18,True,unresolved_no_valid_quote_in_final_60_seconds,,285d4ce8d592131dd00463ee0361f4a4cd2cea6822278b9e1308dd12c6a79c1f,
AAPLI182638500.U^I26,2026-08-31,True,recovered_closing_bbo,2026-08-31T19:59:52.170000+00:00,61e08af45ebcf6d8e72723380fb093fa2e9a1eaf1301af3419143f5e48bfa26a,
AAPLI182638500.U^I26,2026-09-08,True,recovered_closing_bbo,2026-09-08T19:59:58.309000+00:00,9f39b9a2baf734e18022245cabc48e6eb93c20d8dd44ce1b04555f280a2a3e6c,
AAPLI182638500.U^I26,2026-09-09,True,recovered_closing_bbo,2026-09-09T19:59:56.196000+00:00,5554d849d82b36b95fb2e50e2b384d7f8125b3d356ad6fc3254959a2d700216f,
AAPLI182638500.U^I26,2026-09-10,True,recovered_closing_bbo,2026-09-10T19:59:53.810000+00:00,0f07c2c288ea8c4ed18b8b5b04166a7549501fbb1187e7d498f6b425ae259721,
AAPLI182638500.U^I26,2026-09-11,True,recovered_closing_bbo,2026-09-11T19:59:55.972000+00:00,6e5a65df054f2c4651a645128057a0bc2d6359b160f7700090eafa933fe94c24,
AAPLI182638500.U^I26,2026-09-14,True,unresolved_no_valid_quote_in_final_60_seconds,,01282eba13e7205e9984c9be6e402f0c0768a249ac78ea46ba6a8d979368213e,
AAPLI182638500.U^I26,2026-09-15,True,unresolved_no_valid_quote_in_final_60_seconds,,e0ddd41eda1aa5d6e90ad8a3de0dcdd6370efe94050113e51b282ae6899aaa73,
AAPLI182638500.U^I26,2026-09-16,True,unresolved_no_valid_quote_in_final_60_seconds,,aab3555765f58626a3c494ecad7049fab4c0842dc4e205ee309d42fc0602f333,
AAPLI182638500.U^I26,2026-09-17,True,unresolved_no_valid_quote_in_final_60_seconds,,47415f8e3eb7b1cb91d25e93ab322700609a6ce3391abe13120f5f484faaab4f,
AAPLI182638500.U^I26,2026-09-18,True,unresolved_no_valid_quote_in_final_60_seconds,,07e061e28b6d0390cb32b9e8093623ebb64964259620f65c546425e89946bf03,
AAPLI182639000.U^I26,2026-08-25,True,recovered_closing_bbo,2026-08-25T19:59:56.087000+00:00,2de325697bc2ed2695e02b851ed71cc42a24e02d466adca018611c9835acfe38,
AAPLI182639000.U^I26,2026-08-31,True,recovered_closing_bbo,2026-08-31T19:59:51.098000+00:00,88e9d238bccfe1c038b1ac06e935438f4fb661883e15f4007e1f0f35cf14a378,
AAPLI182639000.U^I26,2026-09-02,True,recovered_closing_bbo,2026-09-02T19:59:51.251000+00:00,89d863fe22ad4dfb21054c9cc4ab6436a086eac2b834aae5a7e27c1694dc60fb,
AAPLI182639000.U^I26,2026-09-08,True,recovered_closing_bbo,2026-09-08T19:59:56.427000+00:00,cea28972f37ea4b1c67e6b28eaeba9c4ff097e40f6cbb467988f9d8ffa99c545,
AAPLI182639000.U^I26,2026-09-09,True,recovered_closing_bbo,2026-09-09T19:59:55.362000+00:00,13a4369b89dc3ca3fb017c078bd1141d22bec692e5e014da348286c263839498,
AAPLI182639000.U^I26,2026-09-11,True,recovered_closing_bbo,2026-09-11T19:59:55.918000+00:00,34ccf3902f3b8ef45947a2e5871274b22f613304d8b1022ddd1f63949f76dff7,
AAPLI182639000.U^I26,2026-09-14,True,unresolved_no_valid_quote_in_final_60_seconds,,bdfbe1633e4da2759351475cb64c48659c1f6183abcd91c8c49e71dc21579b54,
AAPLI182639000.U^I26,2026-09-15,True,unresolved_no_valid_quote_in_final_60_seconds,,8ee10466a2e9b2e13f1f2343ce97b9fe71b736f401e3a6428b9bd4db8328c561,
AAPLI182639000.U^I26,2026-09-16,True,unresolved_no_valid_quote_in_final_60_seconds,,8665ce67ccddbe05e31072673bf2598188b72bbae0deade1a40e926839a7b40a,
AAPLI182639000.U^I26,2026-09-17,True,unresolved_no_valid_quote_in_final_60_seconds,,faacae836da464509fa6b35cf6affc4e33f98e63ad1aaba99947bf0c85b06246,
AAPLI182639000.U^I26,2026-09-18,True,recovered_closing_bbo,2026-09-18T19:59:46.858000+00:00,38be847ab5cd24cf2a117b20dc37a66d0c790e03a4ab1922ee6e10b3225fc1f8,
AAPLI182639500.U^I26,2026-08-26,True,recovered_closing_bbo,2026-08-26T19:59:53.655000+00:00,17ba6c529ab7b2700bd86818a9f572313e70fca9a20f5b6f078f8b00826987d7,
AAPLI182639500.U^I26,2026-08-27,True,recovered_closing_bbo,2026-08-27T19:59:50.638000+00:00,52da426fbb663ee787106e875a2cf596a86b6db658585d971142b0dd0c29ebc5,
AAPLI182639500.U^I26,2026-08-31,True,recovered_closing_bbo,2026-08-31T19:59:56.377000+00:00,5f86c88d6f5dc05384eb39ccc723556a5a85813906f6106ff1aa0bb61ec9bb8e,
AAPLI182639500.U^I26,2026-09-02,True,recovered_closing_bbo,2026-09-02T19:59:52.910000+00:00,c726a86816445947ea5adf29a98caa3508f8a33221f3af65193641d85e71c698,
AAPLI182639500.U^I26,2026-09-03,True,recovered_closing_bbo,2026-09-03T19:59:52.928000+00:00,4c6cb3432d6d4f0c9b99c5f2b01dae67de7c832f89b46bee3013e3c4fec6d8d4,
AAPLI182639500.U^I26,2026-09-04,True,recovered_closing_bbo,2026-09-04T19:59:51.106000+00:00,f708927b962a40b3ebe519c304dec9d0d45fe59f510d73bf1fefc8581e2b7fbf,
AAPLI182639500.U^I26,2026-09-08,True,recovered_closing_bbo,2026-09-08T19:59:57.713000+00:00,c007adb27c953b26d6f67e3d67b9bdfc8973ef84ac1e0bef49f6feff2ce45bf0,
AAPLI182639500.U^I26,2026-09-09,True,recovered_closing_bbo,2026-09-09T19:59:53.175000+00:00,15e29ef096494e55c2dbde0c796eff30224d1e65629a8f7a69e5e0fad9d04aad,
AAPLI182639500.U^I26,2026-09-10,True,unresolved_no_valid_quote_in_final_60_seconds,,2628ca189471984e1533703f9014e173f61a2bba6dcaf357586326ce30be064e,
AAPLI182639500.U^I26,2026-09-14,True,unresolved_no_valid_quote_in_final_60_seconds,,acce719022c6da16aaac2528676afe4dfca35808480d6b6edc2abc1a3d7f9118,
AAPLI182639500.U^I26,2026-09-15,True,unresolved_no_valid_quote_in_final_60_seconds,,91c0df458211bb2f6564c84e815d77c26519cd4e6b44cab59cd088faa272ef10,
AAPLI182639500.U^I26,2026-09-16,True,unresolved_no_valid_quote_in_final_60_seconds,,cbffaf1f4059e7fe1c339d5d2328d4df9d86c8a8968adf774dc555a5f4301e66,
AAPLI182639500.U^I26,2026-09-17,True,unresolved_no_valid_quote_in_final_60_seconds,,8d0118c58d6e35725f2b3efca7d55eec4f822df944b97fbd3f554b3672a3720c,
AAPLI182639500.U^I26,2026-09-18,True,unresolved_no_valid_quote_in_final_60_seconds,,724d9e69e72f2865d49778b92681f1d70c4bbac4924c24922f140a688b790c43,
AAPLI252634250.U^I26,2026-09-25,True,recovered_closing_bbo,2026-09-25T19:59:54.704000+00:00,9154ab57c4e6ec1dbda6f1d7ba980d4768980d5f86329b263ebc3931ed8f0fdd,
AAPLI252634500.U^I26,2026-09-25,True,recovered_closing_bbo,2026-09-25T19:59:25.896000+00:00,d104ae72433d5708f2fd4963e657d1a57cf6a7499a913b18e35025d5b52d8a3d,
AAPLI252634750.U^I26,2026-09-25,True,unresolved_no_valid_quote_in_final_60_seconds,,e45075f2cbd8921b6946987acad6540fdc03548be455c5056a6e104699a969c1,
AAPLI252635000.U^I26,2026-09-25,True,unresolved_no_valid_quote_in_final_60_seconds,,d4b29c00ebacd57ef40d4019553b75672a555a037f8f9b78c1e199a290dfa333,
AAPLI252635250.U^I26,2026-09-24,True,recovered_closing_bbo,2026-09-24T19:59:56.391000+00:00,dd00eb33f6c8b07267fbf60a8b3ac3d723a12c2afd2c23cdaee567e571636768,
AAPLI252635250.U^I26,2026-09-25,True,unresolved_no_valid_quote_in_final_60_seconds,,b67f68efb25da45be763e730c754b4deafb9cc956e1e7ad654428d7f4cac3f97,
AAPLI252635500.U^I26,2026-08-07,True,unresolved_no_valid_quote_in_final_60_seconds,,dc50d2074af27f87e94b111869110d896b9d4d47afe37daaa3a9a14757494556,
AAPLI252635500.U^I26,2026-09-24,True,recovered_closing_bbo,2026-09-24T19:59:53.658000+00:00,f632b6615f0f3a6bdd46f963f874d77ed36c42dabd3807680a130c4eb9406afb,
AAPLI252635500.U^I26,2026-09-25,True,recovered_closing_bbo,2026-09-25T19:59:00.124000+00:00,90688098aa19d3da0ba013f4149f58aa31a38ec11b776f1247e2280f17fdf4d4,
AAPLI252635750.U^I26,2026-09-24,True,recovered_closing_bbo,2026-09-24T19:59:55.188000+00:00,9fd3f5d5e0052ce87ef799b643d4b232355bf236ba97e1a8b450fdd6adcf78a5,
AAPLI252635750.U^I26,2026-09-25,True,unresolved_no_valid_quote_in_final_60_seconds,,aa7845cbc1b555818d28d445bf25c0103470f18856e5b6ab34d06f756a40470a,
AAPLI252636000.U^I26,2026-08-06,True,unresolved_no_valid_quote_in_final_60_seconds,,fb0689d713b368d717fde19af6ce4b2cb9dc2fa42b67b66fbf9d722373655919,
AAPLI252636000.U^I26,2026-08-07,True,unresolved_no_valid_quote_in_final_60_seconds,,1fdc537d181bb3f7879af31c7d252bf92f012d480f281e482ce7dba6e7ac9455,
AAPLI252636000.U^I26,2026-09-24,True,recovered_closing_bbo,2026-09-24T19:59:53.557000+00:00,32b431659fcdb1b53be8b5a46aa168ae49d6fd62db936934763c60d025ce7455,
AAPLI252636000.U^I26,2026-09-25,True,unresolved_no_valid_quote_in_final_60_seconds,,9b7d0e69373179c8f77f77a6a99ddd6c32162a276fb4464ed22bad27a80e030a,
AAPLI252636250.U^I26,2026-09-24,True,recovered_closing_bbo,2026-09-24T19:59:52.680000+00:00,71d6f0765433cc816748f8f7f94bc7639aa85add2c86c4d6436180417af666a3,
AAPLI252636250.U^I26,2026-09-25,True,unresolved_no_valid_quote_in_final_60_seconds,,b0a916a22e7a699e95dbe1147f5268fadf55235a6c0652893d7ae9e717f7e6c5,
AAPLI252636500.U^I26,2026-08-10,True,recovered_closing_bbo,2026-08-10T19:59:53.649000+00:00,3a4bb44a855ef30f2dc35663e0689a27984f4e71ea71625d5ba78407eeccf5f2,
AAPLI252636500.U^I26,2026-09-23,True,recovered_closing_bbo,2026-09-23T19:59:56.030000+00:00,11b43f371997dee68957eef30f3d2a10ddc925b006a34da1c87ff8ce4fe07b1b,
AAPLI252636500.U^I26,2026-09-24,True,unresolved_no_valid_quote_in_final_60_seconds,,3280e9a8af089db7a9adbb94313104588346e3c8ea0bccd0ac0e2b63d8f570b3,
AAPLI252636500.U^I26,2026-09-25,True,unresolved_no_valid_quote_in_final_60_seconds,,2137963f2c0abc2701624d641e679467bf917aca33e0569bfb0443521de365da,
AAPLI252636750.U^I26,2026-09-23,True,recovered_closing_bbo,2026-09-23T19:59:50.843000+00:00,f7fd69afd879e7503830cf50d4eaab55a05555ff6bdb609574e4b47cb93a3cf7,
AAPLI252636750.U^I26,2026-09-24,True,unresolved_no_valid_quote_in_final_60_seconds,,03e677cc98bc14765611a0c55535c7a7a0ff2561e9850246c31bf59524010081,
AAPLI252636750.U^I26,2026-09-25,True,unresolved_no_valid_quote_in_final_60_seconds,,474f4c9fbd8c1bd5bf58eeedb3ac49111d2df2dd30fac1c03cca4ad4a2c23215,
AAPLI252637000.U^I26,2026-08-06,True,unresolved_no_valid_quote_in_final_60_seconds,,2db5bc0e9a44ab35ae5c39f3ef7acf8062cb35cde2d9d22a76ed94b726b360be,
AAPLI252637000.U^I26,2026-08-10,True,recovered_closing_bbo,2026-08-10T19:59:54.497000+00:00,3f88f5509915e9bf04df964ef48b570171b2e444a97d642e12127a6dc317cac9,
AAPLI252637000.U^I26,2026-09-21,True,recovered_closing_bbo,2026-09-21T19:59:32.374000+00:00,30ef4249feefb1d0a2ab8c2ff3f7768ae9e91adeb71ca87dc6f0637ad5d2ce64,
AAPLI252637000.U^I26,2026-09-22,True,unresolved_no_valid_quote_in_final_60_seconds,,646ded9a1f2e0fefa1669c70f30603bec020761de233d258a4f4d3255c5bffe7,
AAPLI252637000.U^I26,2026-09-23,True,recovered_closing_bbo,2026-09-23T19:59:50.533000+00:00,29ddfb1116444eb0173c2e24cabb78494c0d4d07c9e79e8163965e08e7252ecc,
AAPLI252637000.U^I26,2026-09-24,True,unresolved_no_valid_quote_in_final_60_seconds,,4ee84744b22b25cb753826ce01f2a70fbca6b9052ea41f775f4dc7055042b8f8,
AAPLI252637000.U^I26,2026-09-25,True,unresolved_no_valid_quote_in_final_60_seconds,,a479febd904c676e9b22b03c87236b8bf46cf7516d254d43ec1e0f47a23a243a,
AAPLI252637250.U^I26,2026-09-23,True,unresolved_no_valid_quote_in_final_60_seconds,,e3b90f71d10ff5cb404eb0a0090694ae5bc4a318f9ffd5a135cfe98826a238ce,
AAPLI252637250.U^I26,2026-09-24,True,recovered_closing_bbo,2026-09-24T19:59:53.780000+00:00,d37613eca05611fb196d9627df8005987e34b7de1027f8bb9a7e6712beebe12a,
AAPLI252637250.U^I26,2026-09-25,True,unresolved_no_valid_quote_in_final_60_seconds,,949ff415a45da64488dd229373e59c9b5fa80431646034af50b81755ee1faab1,
AAPLI252637500.U^I26,2026-08-06,True,unresolved_no_valid_quote_in_final_60_seconds,,8df69f1cc74bfb56285bcfe4ff2ddb068ba76307cae7d9880f21a8c342d4f8bb,
AAPLI252637500.U^I26,2026-08-10,True,recovered_closing_bbo,2026-08-10T19:59:50.861000+00:00,962e82d907eb978f54b12d17c4997b88d94e3ece9453761ece04b3f0bbeccc7c,
AAPLI252637500.U^I26,2026-09-16,True,unresolved_no_valid_quote_in_final_60_seconds,,e2172cdffabd8b639195bd31527459d7209363130411a6b1a6ad476a4e9a19b3,
AAPLI252637500.U^I26,2026-09-17,True,recovered_closing_bbo,2026-09-17T19:59:51.090000+00:00,dc1566594f96a169e5863c6c6abdebc03805e0743d79eefab40d08b15b55ea96,
AAPLI252637500.U^I26,2026-09-21,True,unresolved_no_valid_quote_in_final_60_seconds,,ece4669071f1d8fcaad9f20665e2f29708d28952a20401cfb5d088f6d171975d,
AAPLI252637500.U^I26,2026-09-22,True,unresolved_no_valid_quote_in_final_60_seconds,,6609925327184848784968987b212a3ce13606dd9aacfa5219a956d67c517370,
AAPLI252637500.U^I26,2026-09-23,True,unresolved_no_valid_quote_in_final_60_seconds,,4f4f03c9ff6d61ece23d40cf6cf17f1ca860e3c75f3f864cfacb2deaa7a2919a,
AAPLI252637500.U^I26,2026-09-24,True,unresolved_no_valid_quote_in_final_60_seconds,,abd16a7614bf8c5056b81937ecf451e4125f86c7965ac38ba08101e1c174dea3,
AAPLI252637500.U^I26,2026-09-25,True,recovered_closing_bbo,2026-09-25T19:59:54.240000+00:00,3d72e67d996e2731a6b295a7bf6e3cb64f05938569b6dcf3189ff522eb6df375,
AAPLI252638000.U^I26,2026-08-06,True,unresolved_no_valid_quote_in_final_60_seconds,,65a22bd8d15e0136e4fa6ea598c7a6040fe92e820f1c545755ddb6546ff30ab7,
AAPLI252638000.U^I26,2026-08-07,True,unresolved_no_valid_quote_in_final_60_seconds,,00e6bba1db7b36f6424a6429f39e8df139e13886b6b638756c8debde6af94cb4,
AAPLI252638000.U^I26,2026-08-10,True,recovered_closing_bbo,2026-08-10T19:59:49.449000+00:00,27ef01361fca03567ecca336a6e934a78b5fb747283de82156ea94dc088d26a2,
AAPLI252638000.U^I26,2026-09-18,True,recovered_closing_bbo,2026-09-18T19:59:50.661000+00:00,e26285b928b7bf35dfd70bb143ad2835c075c4f30febb3b3e1edb3d84a5acd2d,
AAPLI252638000.U^I26,2026-09-21,True,unresolved_no_valid_quote_in_final_60_seconds,,cf7e29a0a04bb548f9561105c92ff0eb5cf556cff5fc6e9ca1105e65b5a26bbd,
AAPLI252638000.U^I26,2026-09-22,True,unresolved_no_valid_quote_in_final_60_seconds,,66b231ebfb978552cfffc248eafc32fd0fd9d83369d0d2f58111969b50cec046,
AAPLI252638000.U^I26,2026-09-23,True,unresolved_no_valid_quote_in_final_60_seconds,,1b68c6af95ab83e185226007360f25037188f5ca93669692842590e011ca5618,
AAPLI252638000.U^I26,2026-09-24,True,unresolved_no_valid_quote_in_final_60_seconds,,1c917a8c5693cf827589e2871c6c9eb8f8b82b16aae99c86f1ed817c4d92a25c,
AAPLI252638000.U^I26,2026-09-25,True,unresolved_no_valid_quote_in_final_60_seconds,,148c8a566662d1cb7be5ca1b09053781cfd13288181f494274db6193e395d8b3,
AAPLI252638500.U^I26,2026-08-07,True,unresolved_no_valid_quote_in_final_60_seconds,,a9eb4e71bf8863483e67ef521eaf21de67de01e99592a3027c09703b1a0fc6cd,
AAPLI252638500.U^I26,2026-08-10,True,recovered_closing_bbo,2026-08-10T19:59:49.383000+00:00,19a62719942f8e160e1b20e30625c29440b63c67524b7cdfd338992329083b04,
AAPLI252638500.U^I26,2026-09-02,True,recovered_closing_bbo,2026-09-02T19:59:56.405000+00:00,1dd171c697031ebce842dca2fb8eac47a6d3b678f77f39eefeea8c0e0a2bbcd9,
AAPLI252638500.U^I26,2026-09-16,True,recovered_closing_bbo,2026-09-16T19:59:50.710000+00:00,0cd0c35239645dbf3ec48187a0bc974420dd0e4a8b4b43a363546691dff4e285,
AAPLI252638500.U^I26,2026-09-17,True,unresolved_no_valid_quote_in_final_60_seconds,,9acbe73ea3e2a1478c1d62b6f087129c37c534707445a5d5a7570c4c6ae98c2b,
AAPLI252638500.U^I26,2026-09-18,True,unresolved_no_valid_quote_in_final_60_seconds,,8a956e269cd3c5f5e449db0b6de7e7c936ec49f613fbed6ad5808f8cc975413a,
AAPLI252638500.U^I26,2026-09-21,True,unresolved_no_valid_quote_in_final_60_seconds,,5779bbbf5fa455cb005c40a5d185603acc93b752ac01836dc662d92c23e48c96,
AAPLI252638500.U^I26,2026-09-22,True,unresolved_no_valid_quote_in_final_60_seconds,,1539c4a6d6c17ff30644d46a1cd193a42d86dae2e6e40f30825eaae5eca9e9d8,
AAPLI252638500.U^I26,2026-09-23,True,unresolved_no_valid_quote_in_final_60_seconds,,3842febcee86a3e7de258e56a45652329e446d63ffc46859c42c8b2ef259776f,
AAPLI252638500.U^I26,2026-09-24,True,unresolved_no_valid_quote_in_final_60_seconds,,175a5c5c7d6339c1d08310f5e4bb1f90c3888337c41c481bc92bd346d7ae5f20,
AAPLI252638500.U^I26,2026-09-25,True,unresolved_no_valid_quote_in_final_60_seconds,,943cf9b26db77359909eac1bf8a3db5a0bdb2f836a523d1b1b691581c78399d4,
AAPLI252639000.U^I26,2026-08-07,True,unresolved_no_valid_quote_in_final_60_seconds,,020ee1bfe457eb422e48a62433c3ece974a5c3445f7bf3497f4f8a21c3621d01,
AAPLI252639000.U^I26,2026-08-10,True,recovered_closing_bbo,2026-08-10T19:59:50.619000+00:00,ac7aa37a133a05409ab73eed7fe5faeb180e28e6bf7c5cc10ad99def03c52d3c,
AAPLI252639000.U^I26,2026-08-25,True,recovered_closing_bbo,2026-08-25T19:59:52.293000+00:00,dd2c1cb2c0113f0f358509ce9567d2122fc577d3fc82c32d11f8b993f46dc68c,
AAPLI252639000.U^I26,2026-09-10,True,recovered_closing_bbo,2026-09-10T19:59:58.750000+00:00,49e0216bba94d35b39381f736259d6b044d358352874061b41d6a3c21d26318c,
AAPLI252639000.U^I26,2026-09-11,True,recovered_closing_bbo,2026-09-11T19:59:52.947000+00:00,9847c2728c768cb0522c99c31e6be6de0a120b2681cac186970139d4d36a6fef,
AAPLI252639000.U^I26,2026-09-14,True,unresolved_no_valid_quote_in_final_60_seconds,,c411cd5f3ba6694eb7b80f4cc5241541ac9288c578b9352502b42a69f46ebead,
AAPLI252639000.U^I26,2026-09-15,True,recovered_closing_bbo,2026-09-15T19:59:53.232000+00:00,3b69a1bded9f8bba7fc9fe042576e26ae59928c53ea2bc75cae528bb9ffa5385,
AAPLI252639000.U^I26,2026-09-16,True,recovered_closing_bbo,2026-09-16T19:59:54.081000+00:00,94e3c9fae35a2594347c05a19613e44b3ddb418aba7080ac107e4a375c4ff8a2,
AAPLI252639000.U^I26,2026-09-17,True,recovered_closing_bbo,2026-09-17T19:59:50.092000+00:00,5b73a46676df1b3054648f04c8a66ee72287323a218afb1c7c5fa157ffb05ddb,
AAPLI252639000.U^I26,2026-09-18,True,recovered_closing_bbo,2026-09-18T19:59:34.104000+00:00,24a8fb9428cacb776e9bbe1349f723f182bcb991cca1e15c8431740db07b3aee,
AAPLI252639000.U^I26,2026-09-21,True,unresolved_no_valid_quote_in_final_60_seconds,,2e7655d60ea379ccbbfcd77566444b1a42fc1474ed91992161f7ddfdf9a88a1c,
AAPLI252639000.U^I26,2026-09-22,True,unresolved_no_valid_quote_in_final_60_seconds,,d8072b8803a6f18a636064b0c0b6994a137dd3e87495b73c1140ba5f1b6510a9,
AAPLI252639000.U^I26,2026-09-23,True,unresolved_no_valid_quote_in_final_60_seconds,,7db201dabc3b2ad16b01a9ec28357851d1482a3c2853725d78ce946de07e27c4,
AAPLI252639000.U^I26,2026-09-24,True,unresolved_no_valid_quote_in_final_60_seconds,,ba69a2405956da032a0d4d6d9f5d6af8d36cf5af7cae36e396fe9842815f9585,
AAPLI252639000.U^I26,2026-09-25,True,unresolved_no_valid_quote_in_final_60_seconds,,c0ea6434614b21e2a9c30e470f7529feed4adcfe9b578e0b623469e537f7674e,
AAPLI252639500.U^I26,2026-08-07,True,unresolved_no_valid_quote_in_final_60_seconds,,403431ec52ec2b316d70b4f5fbc94efb8a67fd645378fdce4ba839be641b8023,
AAPLI252639500.U^I26,2026-08-10,True,recovered_closing_bbo,2026-08-10T19:59:53.038000+00:00,dda5ede61fc089f98af127df10418c56e4b6362bcaab0ae84ad95a8462ec052c,
AAPLI252639500.U^I26,2026-08-12,True,recovered_closing_bbo,2026-08-12T19:59:52.699000+00:00,87ba9da0eb46bbe62cd4850db93804100adb5a4e35304de4b09ae1dd376a9eca,
AAPLI252639500.U^I26,2026-08-13,True,recovered_closing_bbo,2026-08-13T19:59:52.317000+00:00,71c343755a5791c3fe94f1e3584a84bac2a73513c535e09ff6940bc3d574c608,
AAPLI252639500.U^I26,2026-08-14,True,recovered_closing_bbo,2026-08-14T19:59:55.055000+00:00,5c85eda2cf4f5044e7446c9140ca884d86bf135691636153a13c78fafaeb918f,
AAPLI252639500.U^I26,2026-08-17,True,recovered_closing_bbo,2026-08-17T19:59:54.219000+00:00,cc2f2f3444ffe7892330ffaf08b6ad02a9826078cdf17d474c3d0959a3f70ec7,
AAPLI252639500.U^I26,2026-08-21,True,recovered_closing_bbo,2026-08-21T19:59:51.613000+00:00,fb9853aa574c393d486c3a1dcce88d6e5e747ede5f483e529a67d8ad83ff1b03,
AAPLI252639500.U^I26,2026-08-27,True,recovered_closing_bbo,2026-08-27T19:59:52.464000+00:00,742844205b05f2a9184c7a1ca1b1f552faa8d448d588444a3b7719221e70d266,
AAPLI252639500.U^I26,2026-08-28,True,recovered_closing_bbo,2026-08-28T19:59:52.434000+00:00,0d75d4f9d4afad16b5ded1b2b413bcc416633eed8bc879fe79f5e30ff70e1dd8,
AAPLI252639500.U^I26,2026-08-31,True,recovered_closing_bbo,2026-08-31T19:59:51.858000+00:00,6e9f9eb460224c777a587540919a4aa3a4a8c1b404cd37558fc61545ea23b5d3,
AAPLI252639500.U^I26,2026-09-09,True,recovered_closing_bbo,2026-09-09T19:59:56.121000+00:00,596f44bed27d7025983d956d158cf04cbbdabe749207cdb253fc51a775f2a259,
AAPLI252639500.U^I26,2026-09-10,True,recovered_closing_bbo,2026-09-10T19:59:50.183000+00:00,98700e31b024551380b8447dc552da6ecc496d902e5910a1bff441b5a885310c,
AAPLI252639500.U^I26,2026-09-11,True,recovered_closing_bbo,2026-09-11T19:59:51.941000+00:00,06260ed7f117173e74d01790007d44d263669188ab57a24d3c13d7caf4ba075c,
AAPLI252639500.U^I26,2026-09-14,True,unresolved_no_valid_quote_in_final_60_seconds,,08734cfd12346616ec354c384f29c367f5092aae4612ffa0216dcf11ad96a70f,
AAPLI252639500.U^I26,2026-09-15,True,unresolved_no_valid_quote_in_final_60_seconds,,ddad15c9c7dbfeac7f8c5d377967197b27e384e9157c6f049e5915712c64605a,
AAPLI252639500.U^I26,2026-09-16,True,unresolved_no_valid_quote_in_final_60_seconds,,53e258a819a8c89ce0eaf6ae464a26db8dc50d4c18b64895f63f24c883f55ddb,
AAPLI252639500.U^I26,2026-09-17,True,unresolved_no_valid_quote_in_final_60_seconds,,7576ffe54cb70e68c0e671a74a155088c5e3252f6eb64e84cdea603cdcacc9b0,
AAPLI252639500.U^I26,2026-09-18,True,recovered_closing_bbo,2026-09-18T19:59:48.892000+00:00,abdf970db0bf3904e3e3af42fedff2312fb6c7853c8c5ef1344d321aaecf2bdc,
AAPLI252639500.U^I26,2026-09-21,True,unresolved_no_valid_quote_in_final_60_seconds,,ac3f60578b5667690d776441862856c284c1c0b6aab9db1920a350a9a2621b2a,
AAPLI252639500.U^I26,2026-09-22,True,unresolved_no_valid_quote_in_final_60_seconds,,6dc3edf10fe22e9d3e89f622a84d2c2946c736b221c0f2431b4a618af41a7a37,
AAPLI252639500.U^I26,2026-09-23,True,unresolved_no_valid_quote_in_final_60_seconds,,dacb1670c22e5c10c4d6e281fc277af80b7450e00afa4ab79ee3e5d73da934bb,
AAPLI252639500.U^I26,2026-09-24,True,unresolved_no_valid_quote_in_final_60_seconds,,99c2c7f5e7c63061db6cc32bcaee3010c8ea9cf70fe559d755a007e830a692ee,
AAPLI252639500.U^I26,2026-09-25,True,unresolved_no_valid_quote_in_final_60_seconds,,9a493f75c32321d9f69af93b5a09eb49e4f047a600fd4732eaaa56a0f956be49,
AAPLI252640000.U^I26,2026-08-07,True,unresolved_no_valid_quote_in_final_60_seconds,,0886752230f7a2530dcadd8b74e98b9d055bb6e4ed64cf8102f76e99f03bd086,
AAPLI252640000.U^I26,2026-08-10,True,recovered_closing_bbo,2026-08-10T19:59:52.862000+00:00,0d94e39918b8dddcff038f733f9f676da5a71e1f26e5a1ecd3afd41882c6b902,
AAPLI252640000.U^I26,2026-08-11,True,recovered_closing_bbo,2026-08-11T19:59:53.284000+00:00,39ee9fb7e6c01bbf28388b14e978496ea8a957b86d99fa2be4965c3e8cd94d74,
AAPLI252640000.U^I26,2026-08-12,True,recovered_closing_bbo,2026-08-12T19:59:53.391000+00:00,bd1e0090a5dbc9cb307079218168ddf1cfe8dc65d9939e77b53159dcad5f2c1f,
AAPLI252640000.U^I26,2026-08-13,True,recovered_closing_bbo,2026-08-13T19:59:50.406000+00:00,2e3fd654d9637ab5f0f71900468c4343e3c491eff9e0835bea06054028bcd8b2,
AAPLI252640000.U^I26,2026-08-17,True,recovered_closing_bbo,2026-08-17T19:59:54.798000+00:00,031c27e5a59b1bf4cd8408de55997eacce57ec93d0fb46d6a29d1630cc97e2c2,
AAPLI252640000.U^I26,2026-08-25,True,recovered_closing_bbo,2026-08-25T19:59:55.011000+00:00,557aed295c252d1b8382cec09d103eb97efa8f59d389083e5da26295f037f2cf,
AAPLI252640000.U^I26,2026-08-27,True,recovered_closing_bbo,2026-08-27T19:59:55.246000+00:00,b49763cb77a072b60777f9ad51268af7696a9932197e9db837ef7155ad948974,
AAPLI252640000.U^I26,2026-09-10,True,unresolved_no_valid_quote_in_final_60_seconds,,b8555e7e23247acb4fc6513939ede7a9ee0b227c26a9fad49be978a4dbee6989,
AAPLI252640000.U^I26,2026-09-15,True,unresolved_no_valid_quote_in_final_60_seconds,,675328ab78ba198550ec582383bb9e5eae96baf7c951b92a11bfc3edb5f4c4a9,
AAPLI252640000.U^I26,2026-09-16,True,unresolved_no_valid_quote_in_final_60_seconds,,692dcc5d7299f297fcb7bdd416bae092ae6ed03a2ab2c177e70846771c23406c,
AAPLI252640000.U^I26,2026-09-17,True,unresolved_no_valid_quote_in_final_60_seconds,,7d139f8f1b64c7883dd8874985d2d798b28d724949ddae264b215c96364ab1fd,
AAPLI252640000.U^I26,2026-09-18,True,unresolved_no_valid_quote_in_final_60_seconds,,6e1f5e59c7ee08a964b9a27133a10abb715bd0c4b10e02e90533e1168501b3c6,
AAPLI252640000.U^I26,2026-09-21,True,unresolved_no_valid_quote_in_final_60_seconds,,2ec19af17f87b8cec7b3aeb027891b40d990458088b2fa22229d16c481bc5533,
AAPLI252640000.U^I26,2026-09-22,True,unresolved_no_valid_quote_in_final_60_seconds,,681a12fa510ce78ef4ed5c203032c863990977772c8791bc7c56ad0f7bd43978,
AAPLI252640000.U^I26,2026-09-23,True,unresolved_no_valid_quote_in_final_60_seconds,,2f3838c83a549a96a819f67958b244870e404542d1de667ca75226dc2ffdd8c6,
AAPLI252640000.U^I26,2026-09-24,True,unresolved_no_valid_quote_in_final_60_seconds,,980851093cb15610f5816dae07c330e43a597dbdfdc3c1b8c7468a2d2b48edb5,
AAPLI252640000.U^I26,2026-09-25,True,unresolved_no_valid_quote_in_final_60_seconds,,4fd1132f350f5674fb880e6ad58134686605d02f17aceb4238f9971dbfcc04fe,
AAPLJ022634000.U^J26,2026-08-13,True,unresolved_no_valid_quote_in_final_60_seconds,,3df79f56b7f06eb22a786a0c37fa4e014c29afe2b0c642f2a6ad2342ab7ea985,
AAPLJ022635000.U^J26,2026-08-13,True,recovered_closing_bbo,2026-08-13T19:59:50.406000+00:00,4cc91cfe49d630c4dc9e468d212aab4c17ec9eb8039fd88cc77f400a60ba6066,
AAPLJ022635500.U^J26,2026-08-13,True,recovered_closing_bbo,2026-08-13T19:59:50.457000+00:00,8fa8a25b21e24545672b3afc35911828303ca02738b2698e906a1134e0f40857,
AAPLJ022636000.U^J26,2026-08-13,True,recovered_closing_bbo,2026-08-13T19:59:54.703000+00:00,70c33558ff3e766f146602fb151c23330140926f70c9224212eae177489d7605,
AAPLJ022636000.U^J26,2026-09-30,True,recovered_closing_bbo,2026-09-30T19:59:48.070000+00:00,12d38bed4e8e9b1f44729ab38b8ae185be8d1cdf1e8bf36ccb966d56a0f734a4,
AAPLJ022636250.U^J26,2026-09-29,True,recovered_closing_bbo,2026-09-29T19:59:52.435000+00:00,8a96b23a4cd2edd03a178ac0a9952b20250d09047a4be87c6c382c2e3994e742,
AAPLJ022636250.U^J26,2026-09-30,True,recovered_closing_bbo,2026-09-30T19:59:56.105000+00:00,9fd505d2e3f871e940a511c03a63a0f75a7b62b7009e4a0d6c7ed14d4bd08c7b,
AAPLJ022636500.U^J26,2026-08-13,True,recovered_closing_bbo,2026-08-13T19:59:54.179000+00:00,333ef2e93ab763e1410a7fbf1b47621e8b1792e8d28520db2f38282735a464c9,
AAPLJ022636500.U^J26,2026-09-30,True,recovered_closing_bbo,2026-09-30T19:59:53.455000+00:00,0147aa8106c9acf00eafa9d0c1a13d872b06f8ea7b8a90f9e04b11bede2986c1,
AAPLJ022636750.U^J26,2026-09-28,True,recovered_closing_bbo,2026-09-28T19:59:52.221000+00:00,e1c0a8d93eddfb6033d56db6e0c5e9b5da954421d90dfb5dba30c1922432fc3b,
AAPLJ022636750.U^J26,2026-09-29,True,recovered_closing_bbo,2026-09-29T19:59:54.051000+00:00,41853b2e78b4e0c64636020eb31d379855c43c35e3ab2b027924607543914fc8,
AAPLJ022636750.U^J26,2026-09-30,True,recovered_closing_bbo,2026-09-30T19:59:48.250000+00:00,6615b2a4d19ae05ada5820e0ea25a6631cd502169b6097bcf1bc5861e857b1a3,
AAPLJ022637000.U^J26,2026-08-13,True,recovered_closing_bbo,2026-08-13T19:59:55.468000+00:00,c8e01a0b74d2ae3237e55d5c5a5a60f99b970d7062e0b96a5f4824d727bc83cf,
AAPLJ022637000.U^J26,2026-09-28,True,recovered_closing_bbo,2026-09-28T19:59:52.796000+00:00,98ff8a7453353d47da909e7189fbd24729a403c171d68da8df0eae4f410c5b42,
AAPLJ022637000.U^J26,2026-09-29,True,recovered_closing_bbo,2026-09-29T19:59:54.864000+00:00,3bb972fc7567a3e631358290a3ea3c82067b2a945af6864855cee06714ee5636,
AAPLJ022637000.U^J26,2026-09-30,True,recovered_closing_bbo,2026-09-30T19:59:56.102000+00:00,19d35fdc248027c40acb2f956b1ee25af23e16bb86205cf2e3d41f5716a41d19,
AAPLJ022637250.U^J26,2026-09-25,True,recovered_closing_bbo,2026-09-25T19:59:56.030000+00:00,a4fd7a8c17eba81a5ddf01a56ce885f852c010318d202f322d8ef0ec7443fb67,
AAPLJ022637250.U^J26,2026-09-28,True,recovered_closing_bbo,2026-09-28T19:59:52.306000+00:00,6c8c123925e0a3f6adafa4d81f8ed38d80b71222dd18066c0a0d168b9d588e51,
AAPLJ022637250.U^J26,2026-09-29,True,unresolved_no_valid_quote_in_final_60_seconds,,642ef8f4a02fe1e0625d1a9b4cd6b0c21db79a3a0efc56ed8cbbdc7e0c0c6c18,
AAPLJ022637250.U^J26,2026-09-30,True,unresolved_no_valid_quote_in_final_60_seconds,,9350479456945ce95a0d89089dc168513c99d9f0c40516d72e5bfda47bbfa62d,
AAPLJ022637500.U^J26,2026-09-28,True,recovered_closing_bbo,2026-09-28T19:59:43.088000+00:00,f582df3c67dc4961ef6f18e1b34fbd1e6656d1fac1d92ddc21b11a8fc4c84cfc,
AAPLJ022637500.U^J26,2026-09-29,True,unresolved_no_valid_quote_in_final_60_seconds,,b3458239cb663a35d18cf47433afee7ea7131620c7630b763e32030d737cb22b,
AAPLJ022637500.U^J26,2026-09-30,True,recovered_closing_bbo,2026-09-30T19:59:52.157000+00:00,d4763c6289ad67329483afb556b2f260f23cbd42c945e764d977e87085a9e739,
AAPLJ022638000.U^J26,2026-09-24,True,unresolved_no_valid_quote_in_final_60_seconds,,82f2a87de6da9b11d4fb1d4f1b8d2a07c4c68a153b8df70464177a5398c02a7d,
AAPLJ022638000.U^J26,2026-09-25,True,recovered_closing_bbo,2026-09-25T19:59:57.172000+00:00,61361564e32be46696afbea12bbcf120f8f9907899af80b7df9dc3e436334f52,
AAPLJ022638000.U^J26,2026-09-28,True,unresolved_no_valid_quote_in_final_60_seconds,,89014bdb14e0624fe5ef3ab5fbfdec1a8fc41538e712311e77af7804eb189863,
AAPLJ022638000.U^J26,2026-09-29,True,recovered_closing_bbo,2026-09-29T19:59:53.645000+00:00,57483e9dd3fe80585897e4d580ede0d099d855d5e966339956a9e289f1a35188,
AAPLJ022638000.U^J26,2026-09-30,True,unresolved_no_valid_quote_in_final_60_seconds,,6a0005b20824a23b322aea4b36e45e875bc4138631263a4b1bf8ce4b6c56b641,
AAPLJ022638500.U^J26,2026-09-24,True,recovered_closing_bbo,2026-09-24T19:59:51.718000+00:00,54330d3c22a16567dafb75e30015d74f590cec8af1fe125a083b8eac225bf79c,
AAPLJ022638500.U^J26,2026-09-25,True,recovered_closing_bbo,2026-09-25T19:59:57.137000+00:00,25b74f03540a92e8e8d603d43ab2f670f7c422fce4d6192ce70e91f05eb177a7,
AAPLJ022638500.U^J26,2026-09-28,True,unresolved_no_valid_quote_in_final_60_seconds,,f47b42afbc610aa92912eb942fa0ac2dd8f5fd5340213b848b3acab221de9fb8,
AAPLJ022638500.U^J26,2026-09-29,True,unresolved_no_valid_quote_in_final_60_seconds,,c18aa9944778fa19ef795c9a4bafbbd012cf72a0bd80b49a987ef10b53db9918,
AAPLJ022638500.U^J26,2026-09-30,True,unresolved_no_valid_quote_in_final_60_seconds,,605721cde2bc6c43c3b31be13f5b5ad19312304901461379ed49355ea1274b05,
AAPLJ022639000.U^J26,2026-09-16,True,recovered_closing_bbo,2026-09-16T19:59:53.675000+00:00,d139e6f0c02cf7005321d55a8407d83b952074a47df5f51a790b73bf3a3ed73d,
AAPLJ022639000.U^J26,2026-09-17,True,recovered_closing_bbo,2026-09-17T19:59:52.693000+00:00,cf574e46f492db4368b07e4d29b9ed51f042e34932c462e22df37c1852cbe246,
AAPLJ022639000.U^J26,2026-09-18,True,recovered_closing_bbo,2026-09-18T19:59:51.986000+00:00,aace1b5afdb576f87af5564a4f006ae94b822e439c18a456d1a89fcce7591712,
AAPLJ022639000.U^J26,2026-09-21,True,recovered_closing_bbo,2026-09-21T19:59:57.266000+00:00,b5cabcc7b1a5158df21829387af2699a585b94c8e91adcc3d5308b3692d430cd,
AAPLJ022639000.U^J26,2026-09-22,True,recovered_closing_bbo,2026-09-22T19:59:55.549000+00:00,b63622f80af16cdb16474f1f00be7df0bcca3b05c3bb472d3e28eb26074ae19c,
AAPLJ022639000.U^J26,2026-09-23,True,recovered_closing_bbo,2026-09-23T19:59:54.207000+00:00,49f142064764428521df5937e2197500411ae304de12defa2a3bc6705842aa48,
AAPLJ022639000.U^J26,2026-09-24,True,recovered_closing_bbo,2026-09-24T19:59:52.579000+00:00,f07af65836a7401064b865930da01e64daf832e72c18060e9c4162d52dd57f2f,
AAPLJ022639000.U^J26,2026-09-25,True,recovered_closing_bbo,2026-09-25T19:59:52.704000+00:00,c8c931fcced70fd9216697c4cf0319087c467137d3e78107770f974c9a40f991,
AAPLJ022639000.U^J26,2026-09-28,True,unresolved_no_valid_quote_in_final_60_seconds,,80f301380fd712f66c612b8aa8f0839ffa417b872e7d69fa3b32dd7695b380c4,
AAPLJ022639000.U^J26,2026-09-29,True,unresolved_no_valid_quote_in_final_60_seconds,,6ebc65ac5e8cf8f444b13d21d70ce459581622d0667bcd0f217db49376c073c3,
AAPLJ022639000.U^J26,2026-09-30,True,unresolved_no_valid_quote_in_final_60_seconds,,b545b87187a14c102093db2c0df8f7769ffd08370a21d572ea4f625bae245e2d,
AAPLJ022639500.U^J26,2026-09-14,True,recovered_closing_bbo,2026-09-14T19:59:54.690000+00:00,bbb6ec9690f915036821bcc60294941f00b09c15e84f6ce25f1235f9d711ce34,
AAPLJ022639500.U^J26,2026-09-15,True,recovered_closing_bbo,2026-09-15T19:59:55.705000+00:00,7697bf631b2692c46583e61e0da8ec1d3c32b3e5bbaafdc45ac03b07865ef5c3,
AAPLJ022639500.U^J26,2026-09-16,True,recovered_closing_bbo,2026-09-16T19:59:52.051000+00:00,1c2960d30f0cda38a41bbe7f9cf4413804cb8c330bb54666d9cd57fb841f9a72,
AAPLJ022639500.U^J26,2026-09-17,True,recovered_closing_bbo,2026-09-17T19:59:54.626000+00:00,1fd84ada9d143d3ae36e166d9fa16cee317a35b4e923e21d175bb5e8e5067b08,
AAPLJ022639500.U^J26,2026-09-18,True,recovered_closing_bbo,2026-09-18T19:59:52.655000+00:00,49553ed6fd0787a5f38ecd93dd120cef8245e9073664b1a07f1c9ab9a1fefa73,
AAPLJ022639500.U^J26,2026-09-21,True,recovered_closing_bbo,2026-09-21T19:59:53.288000+00:00,420e9e2a65fa55fe5213066e5e81d040b863fd56fbb3d765399f6c65d3ee8870,
AAPLJ022639500.U^J26,2026-09-22,True,recovered_closing_bbo,2026-09-22T19:59:57.451000+00:00,ab5ad351cb75d7342c125353f3a6eff2707254a0e329dff8bba25d559b04f974,
AAPLJ022639500.U^J26,2026-09-23,True,recovered_closing_bbo,2026-09-23T19:59:52.193000+00:00,3f573fabf6d62abf5f9636c266d5d0a488fa752e73a34fbcd1d1e9ae4e800a58,
AAPLJ022639500.U^J26,2026-09-24,True,recovered_closing_bbo,2026-09-24T19:59:52.579000+00:00,4cc642bb0d46365f50642f0784936f03b3dd0156b33b2a31486359452320559a,
AAPLJ022639500.U^J26,2026-09-25,True,recovered_closing_bbo,2026-09-25T19:59:53.301000+00:00,f7efec440e7b10e535087f3b43447db71be53502f84df5a17696e6bc87d83a86,
AAPLJ022639500.U^J26,2026-09-28,True,unresolved_no_valid_quote_in_final_60_seconds,,62d413aad9c7c8f7a16e98a324d79ccc42bda62382b82e4a0784ef9b03893af2,
AAPLJ022639500.U^J26,2026-09-29,True,unresolved_no_valid_quote_in_final_60_seconds,,a5e48ba8ec991418d02cbadf2061cd512d6869395587931af81a0b038ced265c,
AAPLJ022639500.U^J26,2026-09-30,True,unresolved_no_valid_quote_in_final_60_seconds,,63c94c063d6459e3342767ca8d6a7e029d3084faee2eebbcea8cdca7640b72b3,
AAPLJ022640000.U^J26,2026-08-27,True,recovered_closing_bbo,2026-08-27T19:59:50.935000+00:00,c4681a99e299eb82aad4c92a5637a8b60d28a299acf0aefcca5f214bcbea1126,
AAPLJ022640000.U^J26,2026-09-01,True,recovered_closing_bbo,2026-09-01T19:59:49.473000+00:00,4ab8cf92f7121685e333801fbbbf2263bb57b6bf5178b39d53e3ef0de57331aa,
AAPLJ022640000.U^J26,2026-09-03,True,recovered_closing_bbo,2026-09-03T19:59:52.920000+00:00,7c0c5117b71c6a9a0b1e5123c3aa1b9e403af38d5c9374832474696428c1b574,
AAPLJ022640000.U^J26,2026-09-08,True,recovered_closing_bbo,2026-09-08T19:59:56.857000+00:00,6472165242e8c33104e21f1519c3b4c1f5680717164522168b5307ce5006e69c,
AAPLJ022640000.U^J26,2026-09-09,True,recovered_closing_bbo,2026-09-09T19:59:50.703000+00:00,718c988971eb6cb9ce9f5383125c8f0da18d79b2a8022602db0fe7db3256157d,
AAPLJ022640000.U^J26,2026-09-14,True,recovered_closing_bbo,2026-09-14T19:59:52.877000+00:00,51fc3ab215733843f0ab6dc871c38fe3a0dcefbf44d6e91584ca0bb27006cbec,
AAPLJ022640000.U^J26,2026-09-15,True,recovered_closing_bbo,2026-09-15T19:59:49.676000+00:00,8bbbbc3857e2233a5806dea65c3aff3832927640242bcec864df4d77cdab6828,
AAPLJ022640000.U^J26,2026-09-16,True,recovered_closing_bbo,2026-09-16T19:59:54.077000+00:00,f4c3d956523e6d0b343824f0f799b01eab09fe2aa951dba216c04e88ca2eeb61,
AAPLJ022640000.U^J26,2026-09-17,True,unresolved_no_valid_quote_in_final_60_seconds,,3d56146ac143db74cca70dec473dfb4e5d1a8a3832eef4575b8c515cd916027b,
AAPLJ022640000.U^J26,2026-09-18,True,recovered_closing_bbo,2026-09-18T19:59:48.419000+00:00,7fbad79f99d9492fc72917f3f3012ee5084f8ec63d6b3470694c02a692251895,
AAPLJ022640000.U^J26,2026-09-21,True,unresolved_no_valid_quote_in_final_60_seconds,,8b43ed32c76711329723d78a4a363e754d50dbb65a64122de8bbbf3892a6ed5e,
AAPLJ022640000.U^J26,2026-09-22,True,unresolved_no_valid_quote_in_final_60_seconds,,d80b9990fc292bd6cbe7b9297739b437da51f13287d1c95272dfc41183cbff8b,
AAPLJ022640000.U^J26,2026-09-23,True,unresolved_no_valid_quote_in_final_60_seconds,,b34d5c5381fa3f1cad716d15f0f26ac048c25ebadb793521bfa71a8a0db9e8b7,
AAPLJ022640000.U^J26,2026-09-24,True,unresolved_no_valid_quote_in_final_60_seconds,,784fcb447366155c5659e162c24423d56274aae2e03bc51cd5a4b11912558bb4,
AAPLJ022640000.U^J26,2026-09-25,True,unresolved_no_valid_quote_in_final_60_seconds,,7e4a25447d85fdd28ccb993089634f5156ad6f4e855d8dc11052128701a8bc7b,
AAPLJ022640000.U^J26,2026-09-28,True,unresolved_no_valid_quote_in_final_60_seconds,,558769421d4f08803e8612fa807676cf3bee60f3bbbd460fb6017c8534ca9c96,
AAPLJ022640000.U^J26,2026-09-29,True,unresolved_no_valid_quote_in_final_60_seconds,,78b163f63fba1d27a5109a780ec8d0b7f6a3be36c464e851b0d86de3e123acf5,
AAPLJ022640000.U^J26,2026-09-30,True,unresolved_no_valid_quote_in_final_60_seconds,,1d10737cd19f86b52504fe6d16bd01b039c7532835578f2dc363ed113478beba,
AAPLJ022640500.U^J26,2026-08-17,True,recovered_closing_bbo,2026-08-17T19:59:51.917000+00:00,284a8db6c8456c352f88506b1348dda2f39c4d612682cb16712f6a48394a96fb,
AAPLJ022640500.U^J26,2026-08-18,True,recovered_closing_bbo,2026-08-18T19:59:52.189000+00:00,a62dde90406df04c5d6df6f6bb07957be654fe1d7fcf04245df93788c6c4314a,
AAPLJ022640500.U^J26,2026-08-24,True,recovered_closing_bbo,2026-08-24T19:59:56.127000+00:00,5d139a676fa9258e9145d5ef4afb1f33ff2f5475ba2f301fb4fbc5d050ec9309,
AAPLJ022640500.U^J26,2026-08-27,True,recovered_closing_bbo,2026-08-27T19:59:53.463000+00:00,734908ac8fbe03af5811711291bdb5d4e8116984eb9a4aedd768727d411766be,
AAPLJ022640500.U^J26,2026-08-31,True,recovered_closing_bbo,2026-08-31T19:59:53.943000+00:00,531d28f62063513d08ba79fc4f5131dd627ee46e67a0fb7aad19fe9dc0127b70,
AAPLJ022640500.U^J26,2026-09-03,True,recovered_closing_bbo,2026-09-03T19:59:54.708000+00:00,511a23d92e1c49caf366902bb5a0ff5142ae76c0332d444723eed31c612be335,
AAPLJ022640500.U^J26,2026-09-08,True,recovered_closing_bbo,2026-09-08T19:59:54.450000+00:00,f742f18c5bf97f9c52eaac307afb9d1ff2e6d9370b4a19b5e5d7db8567c46023,
AAPLJ022640500.U^J26,2026-09-09,True,recovered_closing_bbo,2026-09-09T19:59:54.153000+00:00,89827e9cc7af84c309479adf7505596717999ae18273400089a3358003fea01d,
AAPLJ022640500.U^J26,2026-09-10,True,recovered_closing_bbo,2026-09-10T19:59:50.815000+00:00,2c921e3596c643b9be5c6349bc366dc43bc34ab245f69bd3f3494a326c1b37ff,
AAPLJ022640500.U^J26,2026-09-11,True,recovered_closing_bbo,2026-09-11T19:59:56.259000+00:00,e188a0cb486ceecba49ea32a746c86fef4d6fe762bfb5bc9b3992652ce180fd9,
AAPLJ022640500.U^J26,2026-09-14,True,recovered_closing_bbo,2026-09-14T19:59:50.790000+00:00,ea84406b7684c4f4511cd63872a430688df0f24ad31f7a432056496ae2b10180,
AAPLJ022640500.U^J26,2026-09-15,True,recovered_closing_bbo,2026-09-15T19:59:54.113000+00:00,4a7bca73944f1b7d68deaef825912b7d3b8cfcb38f958e6c5321af4e00917dd0,
AAPLJ022640500.U^J26,2026-09-16,True,recovered_closing_bbo,2026-09-16T19:59:52.931000+00:00,73082c2ef5376970d318f70f399eb7d98c6c6813aac51226ec1c690df810dd34,
AAPLJ022640500.U^J26,2026-09-17,True,recovered_closing_bbo,2026-09-17T19:59:51.797000+00:00,245ed9c5a98e0762b3e538c9902e109b52ebb7aeb1814d98d9c86e81fcaf5bf3,
AAPLJ022640500.U^J26,2026-09-18,True,recovered_closing_bbo,2026-09-18T19:59:49.601000+00:00,8b7633166067a8cc2f27c1649879b1b23a5de3f1c8655ce31eadcac1ee39a25f,
AAPLJ022640500.U^J26,2026-09-21,True,recovered_closing_bbo,2026-09-21T19:59:54.391000+00:00,623d52d8933da468982a018642dca9b1e996f0d673dbfc7216cb45c0de5b2d83,
AAPLJ022640500.U^J26,2026-09-22,True,recovered_closing_bbo,2026-09-22T19:59:53.827000+00:00,f07aa9569aabfa6be83e86e2ba45359b0cfcfc7c55e9361dc8060dbfe96c85c7,
AAPLJ022640500.U^J26,2026-09-23,True,recovered_closing_bbo,2026-09-23T19:59:50.889000+00:00,1df32c99844b9a2cf3186a06771cac7d00b1b92f07a283362c378c2e0ddc4719,
AAPLJ022640500.U^J26,2026-09-24,True,unresolved_no_valid_quote_in_final_60_seconds,,448a1e0dc2fe666e762095fb11ef45916db249e1e60e864266334984121cb4ce,
AAPLJ022640500.U^J26,2026-09-25,True,unresolved_no_valid_quote_in_final_60_seconds,,7a09ac8173aebb0cd1b551b33f65280c49e81afb81550f743a84eb4980f811c5,
AAPLJ022640500.U^J26,2026-09-28,True,unresolved_no_valid_quote_in_final_60_seconds,,e25b3eb3afc39021100e1adbb40ce77d050b70b89d8b3248ab0fded50fe62a10,
AAPLJ022640500.U^J26,2026-09-29,True,unresolved_no_valid_quote_in_final_60_seconds,,438f79c3fcc266781e5a67228fc0a5a1c00cb9e2d38ab27e0e84b95bcbbd9344,
AAPLJ022640500.U^J26,2026-09-30,True,unresolved_no_valid_quote_in_final_60_seconds,,d3e5f73d4940c2b4ca5e53af5fe4ff5513df5bc2b1b1795417197b42d24312ef,
