id,strategy,fill_model,date,signal_date,signal_at,execution_reference,execution_time_is_modeled,event_phase,leg,contract,strike,expiry,action,quantity,multiplier,price,cash_delta,commission,stock_slippage_cost,cash_after,shares_after,long_after,short_after,signal_spot,execution_spot,source_date,source_precision,source_timestamp,source_event_timestamp,source_quote_method,source_snapshot_sha256,actual_fill_timestamp,reason
1,pmcc,midpoint,2026-07-06,2026-07-02,2026-07-06T09:00:00-04:00,2026-07-06T16:00:00-04:00,True,closing_execution,LONG_CALL,AAPLI172723000.U,230.0,2027-09-17,BUY,1,100,101.325,-10133.15,0.65,0.0,39866.85,0,AAPLI172723000.U,,308.63,312.66,2026-07-06,daily,,,daily_bbo,5b2494b1ac3874c9bb4395937db7379af4c1f75aee4b279fb1f90944908d38f3,,INITIAL_LONG
2,pmcc,midpoint,2026-07-06,2026-07-02,2026-07-06T09:00:00-04:00,2026-07-06T16:00:00-04:00,True,closing_execution,SHORT_CALL,AAPLG102633000.U^G26,330.0,2026-07-10,SELL,1,100,0.15500000000000003,14.850000000000003,0.65,0.0,39881.7,0,AAPLI172723000.U,AAPLG102633000.U^G26,308.63,312.66,2026-07-06,daily,,,daily_bbo,78a6848a9a4b91b20ad8ec8d1296bfb4a17d8257bc4972fd69c6451b146d9503,,WEEKLY_5_PERCENT_SIGNAL_TARGET
3,pmcc,midpoint,2026-07-10,,,2026-07-10T16:00:00-04:00,True,after_close,SHORT_CALL,AAPLG102633000.U^G26,330.0,2026-07-10,EXPIRE,1,100,0.0,0.0,0.0,0.0,39881.7,0,AAPLI172723000.U,,,315.32,,,,,,,,EXPIRY_LESS_THAN_001_ITM
4,pmcc,midpoint,2026-07-13,2026-07-10,2026-07-13T09:00:00-04:00,2026-07-13T16:00:00-04:00,True,closing_execution,SHORT_CALL,AAPLG172633750.U^G26,337.5,2026-07-17,SELL,1,100,0.16,15.35,0.65,0.0,39897.049999999996,0,AAPLI172723000.U,AAPLG172633750.U^G26,315.32,317.31,2026-07-13,daily,,,daily_bbo,676233f9e951f963f7e4dd3f925a6aec49cbd06f341e8c064b3693bf679b92cf,,WEEKLY_5_PERCENT_SIGNAL_TARGET
5,pmcc,midpoint,2026-07-17,,,2026-07-17T16:00:00-04:00,True,after_close,SHORT_CALL,AAPLG172633750.U^G26,337.5,2026-07-17,EXPIRE,1,100,0.0,0.0,0.0,0.0,39897.049999999996,0,AAPLI172723000.U,,,333.74,,,,,,,,EXPIRY_LESS_THAN_001_ITM
6,pmcc,midpoint,2026-07-20,2026-07-17,2026-07-20T09:00:00-04:00,2026-07-20T16:00:00-04:00,True,closing_execution,SHORT_CALL,AAPLG242635250.U^G26,352.5,2026-07-24,SELL,1,100,0.16,15.35,0.65,0.0,39912.399999999994,0,AAPLI172723000.U,AAPLG242635250.U^G26,333.74,326.59,2026-07-20,daily,,,daily_bbo,8ef430c9e329a70d8191b7549e402cf8a2d76df04a5af8f3f9dcdd622aa1980c,,WEEKLY_5_PERCENT_SIGNAL_TARGET
7,pmcc,midpoint,2026-07-24,,,2026-07-24T16:00:00-04:00,True,after_close,SHORT_CALL,AAPLG242635250.U^G26,352.5,2026-07-24,EXPIRE,1,100,0.0,0.0,0.0,0.0,39912.399999999994,0,AAPLI172723000.U,,,333.02,,,,,,,,EXPIRY_LESS_THAN_001_ITM
8,pmcc,midpoint,2026-07-27,2026-07-24,2026-07-27T09:00:00-04:00,2026-07-27T16:00:00-04:00,True,closing_execution,SHORT_CALL,AAPLG312635750.U^G26,357.5,2026-07-31,SELL,1,100,0.925,91.85,0.65,0.0,40004.24999999999,0,AAPLI172723000.U,AAPLG312635750.U^G26,333.02,336.91,2026-07-27,daily,,,daily_bbo,e0b4414f035dcc9d3f33755d41c91701e434e7ff9e858f37f94d524466484edf,,WEEKLY_5_PERCENT_SIGNAL_TARGET
9,pmcc,midpoint,2026-07-31,,,2026-07-31T16:00:00-04:00,True,after_close,SHORT_CALL,AAPLG312635750.U^G26,357.5,2026-07-31,EXPIRE,1,100,0.0,0.0,0.0,0.0,40004.24999999999,0,AAPLI172723000.U,,,308.91,,,,,,,,EXPIRY_LESS_THAN_001_ITM
10,pmcc,midpoint,2026-08-03,2026-07-31,2026-08-03T09:00:00-04:00,2026-08-03T16:00:00-04:00,True,closing_execution,SHORT_CALL,AAPLH072632500.U^H26,325.0,2026-08-07,SELL,1,100,0.22999999999999998,22.35,0.65,0.0,40026.59999999999,0,AAPLI172723000.U,AAPLH072632500.U^H26,308.91,303.42,2026-08-03,daily,,,daily_bbo,1e634069af88a7a40f30012900d79475f9dae7187131d973f38f6e480728db7a,,WEEKLY_5_PERCENT_SIGNAL_TARGET
11,pmcc,midpoint,2026-08-07,,,2026-08-07T16:00:00-04:00,True,after_close,SHORT_CALL,AAPLH072632500.U^H26,325.0,2026-08-07,EXPIRE,1,100,0.0,0.0,0.0,0.0,40026.59999999999,0,AAPLI172723000.U,,,313.33,,,,,,,,EXPIRY_LESS_THAN_001_ITM
12,pmcc,midpoint,2026-08-10,2026-08-07,2026-08-10T09:00:00-04:00,2026-08-10T16:00:00-04:00,True,closing_execution,SHORT_CALL,AAPLH142633000.U^H26,330.0,2026-08-14,SELL,1,100,0.07500000000000001,6.8500000000000005,0.65,0.0,40033.44999999999,0,AAPLI172723000.U,AAPLH142633000.U^H26,313.33,308.26,2026-08-10,daily,,,daily_bbo,1516862710e44a2345379823d30ef100f15d7edf148efbeee279d3b666e18c3d,,WEEKLY_5_PERCENT_SIGNAL_TARGET
13,pmcc,midpoint,2026-08-14,,,2026-08-14T16:00:00-04:00,True,after_close,SHORT_CALL,AAPLH142633000.U^H26,330.0,2026-08-14,EXPIRE,1,100,0.0,0.0,0.0,0.0,40033.44999999999,0,AAPLI172723000.U,,,305.93,,,,,,,,EXPIRY_LESS_THAN_001_ITM
14,pmcc,midpoint,2026-08-17,2026-08-14,2026-08-17T09:00:00-04:00,2026-08-17T16:00:00-04:00,True,closing_execution,SHORT_CALL,AAPLH212632250.U^H26,322.5,2026-08-21,SELL,1,100,0.13,12.35,0.65,0.0,40045.79999999999,0,AAPLI172723000.U,AAPLH212632250.U^H26,305.93,305.59,2026-08-17,daily,,,daily_bbo,a18a8a4510c0d7a5dd98ccebcc3ff86e7b67ade62ac1a0b5da5f61936f08eaea,,WEEKLY_5_PERCENT_SIGNAL_TARGET
15,pmcc,midpoint,2026-08-21,,,2026-08-21T16:00:00-04:00,True,after_close,SHORT_CALL,AAPLH212632250.U^H26,322.5,2026-08-21,EXPIRE,1,100,0.0,0.0,0.0,0.0,40045.79999999999,0,AAPLI172723000.U,,,309.35,,,,,,,,EXPIRY_LESS_THAN_001_ITM
16,pmcc,midpoint,2026-08-24,2026-08-21,2026-08-24T09:00:00-04:00,2026-08-24T16:00:00-04:00,True,closing_execution,SHORT_CALL,AAPLH282633000.U^H26,330.0,2026-08-28,SELL,1,100,0.095,8.85,0.65,0.0,40054.64999999999,0,AAPLI172723000.U,AAPLH282633000.U^H26,309.35,310.34,2026-08-24,daily,,,daily_bbo,b43158c69e2e063a47f3de64579b92af4a50bf992474cc815d19178c934e840b,,WEEKLY_5_PERCENT_SIGNAL_TARGET
17,pmcc,midpoint,2026-08-28,,,2026-08-28T16:00:00-04:00,True,after_close,SHORT_CALL,AAPLH282633000.U^H26,330.0,2026-08-28,EXPIRE,1,100,0.0,0.0,0.0,0.0,40054.64999999999,0,AAPLI172723000.U,,,319.7,,,,,,,,EXPIRY_LESS_THAN_001_ITM
18,pmcc,midpoint,2026-08-31,2026-08-28,2026-08-31T09:00:00-04:00,2026-08-31T16:00:00-04:00,True,closing_execution,SHORT_CALL,AAPLI042633750.U^I26,337.5,2026-09-04,SELL,1,100,0.060000000000000005,5.3500000000000005,0.65,0.0,40059.999999999985,0,AAPLI172723000.U,AAPLI042633750.U^I26,319.7,316.85,2026-08-31,daily,,,daily_bbo,c346efe5ac1e788ff413e23b0041820568356656802ac6c80410eb89a172ffb6,,WEEKLY_5_PERCENT_SIGNAL_TARGET
19,pmcc,midpoint,2026-09-04,,,2026-09-04T16:00:00-04:00,True,after_close,SHORT_CALL,AAPLI042633750.U^I26,337.5,2026-09-04,EXPIRE,1,100,0.0,0.0,0.0,0.0,40059.999999999985,0,AAPLI172723000.U,,,319.97,,,,,,,,EXPIRY_LESS_THAN_001_ITM
20,pmcc,midpoint,2026-09-08,2026-09-04,2026-09-08T09:00:00-04:00,2026-09-08T16:00:00-04:00,True,closing_execution,SHORT_CALL,AAPLI112633750.U^I26,337.5,2026-09-11,SELL,1,100,0.29500000000000004,28.850000000000005,0.65,0.0,40088.849999999984,0,AAPLI172723000.U,AAPLI112633750.U^I26,319.97,316.22,2026-09-08,daily,,,daily_bbo,d6450c8a58a108f9d9ee9fe6d3982de4201f98e2f2c9ae7cde244169c0654140,,WEEKLY_5_PERCENT_SIGNAL_TARGET
21,pmcc,midpoint,2026-09-11,,,2026-09-11T16:00:00-04:00,True,after_close,SHORT_CALL,AAPLI112633750.U^I26,337.5,2026-09-11,EXPIRE,1,100,0.0,0.0,0.0,0.0,40088.849999999984,0,AAPLI172723000.U,,,332.27,,,,,,,,EXPIRY_LESS_THAN_001_ITM
22,pmcc,midpoint,2026-09-14,2026-09-11,2026-09-14T09:00:00-04:00,2026-09-14T16:00:00-04:00,True,closing_execution,SHORT_CALL,AAPLI182635000.U^I26,350.0,2026-09-18,SELL,1,100,0.215,20.85,0.65,0.0,40109.69999999998,0,AAPLI172723000.U,AAPLI182635000.U^I26,332.27,333.08,2026-09-14,daily,,,daily_bbo,4cb5dc0908383484d646feb091e41dff1fc15bce4c3fea1f4b49d077842d3bf7,,WEEKLY_5_PERCENT_SIGNAL_TARGET
23,pmcc,midpoint,2026-09-18,,,2026-09-18T16:00:00-04:00,True,after_close,SHORT_CALL,AAPLI182635000.U^I26,350.0,2026-09-18,EXPIRE,1,100,0.0,0.0,0.0,0.0,40109.69999999998,0,AAPLI172723000.U,,,336.13,,,,,,,,EXPIRY_LESS_THAN_001_ITM
24,pmcc,midpoint,2026-09-21,2026-09-18,2026-09-21T09:00:00-04:00,2026-09-21T16:00:00-04:00,True,closing_execution,SHORT_CALL,AAPLI252635500.U^I26,355.0,2026-09-25,SELL,1,100,0.16499999999999998,15.849999999999996,0.65,0.0,40125.54999999998,0,AAPLI172723000.U,AAPLI252635500.U^I26,336.13,338.98,2026-09-21,daily,,,daily_bbo,f37a7276a160322ea39b0ab5e3fe16545cc3b349b8c19986ddcff42ebfddb018,,WEEKLY_5_PERCENT_SIGNAL_TARGET
25,pmcc,midpoint,2026-09-25,,,2026-09-25T16:00:00-04:00,True,after_close,SHORT_CALL,AAPLI252635500.U^I26,355.0,2026-09-25,EXPIRE,1,100,0.0,0.0,0.0,0.0,40125.54999999998,0,AAPLI172723000.U,,,341.07,,,,,,,,EXPIRY_LESS_THAN_001_ITM
26,pmcc,midpoint,2026-09-28,2026-09-25,2026-09-28T09:00:00-04:00,2026-09-28T16:00:00-04:00,True,closing_execution,SHORT_CALL,AAPLJ022636000.U^J26,360.0,2026-10-02,SELL,1,100,0.045,3.85,0.65,0.0,40129.39999999998,0,AAPLI172723000.U,AAPLJ022636000.U^J26,341.07,338.4,2026-09-28,daily,,,daily_bbo,fd338ad30976c868b21aa4c419e775eb674a07d04fd059bfbd116446b841b326,,WEEKLY_5_PERCENT_SIGNAL_TARGET
27,pmcc,midpoint,2026-09-30,,,2026-09-30T16:00:00-04:00,True,closing_execution,SHORT_CALL,AAPLJ022636000.U^J26,360.0,2026-10-02,BUY,1,100,0.015,-2.15,0.65,0.0,40127.24999999998,0,AAPLI172723000.U,,,333.02,2026-09-30,quote_event,2026-09-30T19:59:48.070000+00:00,2026-09-30T19:59:53.116000+00:00,same_event_bbo_final_60_seconds,12d38bed4e8e9b1f44729ab38b8ae185be8d1cdf1e8bf36ccb966d56a0f734a4,,PREPLANNED_TERMINAL_LIQUIDATION
28,pmcc,midpoint,2026-09-30,,,2026-09-30T16:00:00-04:00,True,closing_execution,LONG_CALL,AAPLI172723000.U,230.0,2027-09-17,SELL,1,100,117.15,11714.35,0.65,0.0,51841.59999999998,0,,,,333.02,2026-09-30,daily,,,daily_bbo,5b2494b1ac3874c9bb4395937db7379af4c1f75aee4b279fb1f90944908d38f3,,PREPLANNED_TERMINAL_LIQUIDATION
1,covered_call,midpoint,2026-07-06,2026-07-02,2026-07-06T09:00:00-04:00,2026-07-06T16:00:00-04:00,True,closing_execution,STOCK,AAPL.O,,,BUY,100,,312.69126600000004,-31269.126600000003,0.0,3.1266000000000003,18730.873399999997,100,,,308.63,312.66,2026-07-06,daily,,,daily_stock_print,,,CASH_FUNDED_100_SHARES
2,covered_call,midpoint,2026-07-06,2026-07-02,2026-07-06T09:00:00-04:00,2026-07-06T16:00:00-04:00,True,closing_execution,SHORT_CALL,AAPLG102633000.U^G26,330.0,2026-07-10,SELL,1,100,0.15500000000000003,14.850000000000003,0.65,0.0,18745.723399999995,100,,AAPLG102633000.U^G26,308.63,312.66,2026-07-06,daily,,,daily_bbo,78a6848a9a4b91b20ad8ec8d1296bfb4a17d8257bc4972fd69c6451b146d9503,,WEEKLY_5_PERCENT_SIGNAL_TARGET
3,covered_call,midpoint,2026-07-10,,,2026-07-10T16:00:00-04:00,True,after_close,SHORT_CALL,AAPLG102633000.U^G26,330.0,2026-07-10,EXPIRE,1,100,0.0,0.0,0.0,0.0,18745.723399999995,100,,,,315.32,,,,,,,,EXPIRY_LESS_THAN_001_ITM
4,covered_call,midpoint,2026-07-13,2026-07-10,2026-07-13T09:00:00-04:00,2026-07-13T16:00:00-04:00,True,closing_execution,SHORT_CALL,AAPLG172633750.U^G26,337.5,2026-07-17,SELL,1,100,0.16,15.35,0.65,0.0,18761.073399999994,100,,AAPLG172633750.U^G26,315.32,317.31,2026-07-13,daily,,,daily_bbo,676233f9e951f963f7e4dd3f925a6aec49cbd06f341e8c064b3693bf679b92cf,,WEEKLY_5_PERCENT_SIGNAL_TARGET
5,covered_call,midpoint,2026-07-17,,,2026-07-17T16:00:00-04:00,True,after_close,SHORT_CALL,AAPLG172633750.U^G26,337.5,2026-07-17,EXPIRE,1,100,0.0,0.0,0.0,0.0,18761.073399999994,100,,,,333.74,,,,,,,,EXPIRY_LESS_THAN_001_ITM
6,covered_call,midpoint,2026-07-20,2026-07-17,2026-07-20T09:00:00-04:00,2026-07-20T16:00:00-04:00,True,closing_execution,SHORT_CALL,AAPLG242635250.U^G26,352.5,2026-07-24,SELL,1,100,0.16,15.35,0.65,0.0,18776.423399999992,100,,AAPLG242635250.U^G26,333.74,326.59,2026-07-20,daily,,,daily_bbo,8ef430c9e329a70d8191b7549e402cf8a2d76df04a5af8f3f9dcdd622aa1980c,,WEEKLY_5_PERCENT_SIGNAL_TARGET
7,covered_call,midpoint,2026-07-24,,,2026-07-24T16:00:00-04:00,True,after_close,SHORT_CALL,AAPLG242635250.U^G26,352.5,2026-07-24,EXPIRE,1,100,0.0,0.0,0.0,0.0,18776.423399999992,100,,,,333.02,,,,,,,,EXPIRY_LESS_THAN_001_ITM
8,covered_call,midpoint,2026-07-27,2026-07-24,2026-07-27T09:00:00-04:00,2026-07-27T16:00:00-04:00,True,closing_execution,SHORT_CALL,AAPLG312635750.U^G26,357.5,2026-07-31,SELL,1,100,0.925,91.85,0.65,0.0,18868.27339999999,100,,AAPLG312635750.U^G26,333.02,336.91,2026-07-27,daily,,,daily_bbo,e0b4414f035dcc9d3f33755d41c91701e434e7ff9e858f37f94d524466484edf,,WEEKLY_5_PERCENT_SIGNAL_TARGET
9,covered_call,midpoint,2026-07-31,,,2026-07-31T16:00:00-04:00,True,after_close,SHORT_CALL,AAPLG312635750.U^G26,357.5,2026-07-31,EXPIRE,1,100,0.0,0.0,0.0,0.0,18868.27339999999,100,,,,308.91,,,,,,,,EXPIRY_LESS_THAN_001_ITM
10,covered_call,midpoint,2026-08-03,2026-07-31,2026-08-03T09:00:00-04:00,2026-08-03T16:00:00-04:00,True,closing_execution,SHORT_CALL,AAPLH072632500.U^H26,325.0,2026-08-07,SELL,1,100,0.22999999999999998,22.35,0.65,0.0,18890.62339999999,100,,AAPLH072632500.U^H26,308.91,303.42,2026-08-03,daily,,,daily_bbo,1e634069af88a7a40f30012900d79475f9dae7187131d973f38f6e480728db7a,,WEEKLY_5_PERCENT_SIGNAL_TARGET
11,covered_call,midpoint,2026-08-07,,,2026-08-07T16:00:00-04:00,True,after_close,SHORT_CALL,AAPLH072632500.U^H26,325.0,2026-08-07,EXPIRE,1,100,0.0,0.0,0.0,0.0,18890.62339999999,100,,,,313.33,,,,,,,,EXPIRY_LESS_THAN_001_ITM
12,covered_call,midpoint,2026-08-10,,,2026-08-10T16:00:00-04:00,True,session_open,DIVIDEND,AAPL.O,,,ACCRUE,100,,0.27,0.0,0.0,0.0,18890.62339999999,100,,,,308.26,,,,,,,,EX_DATE_CARRIED_SHARES_ENTITLEMENT
13,covered_call,midpoint,2026-08-10,2026-08-07,2026-08-10T09:00:00-04:00,2026-08-10T16:00:00-04:00,True,closing_execution,SHORT_CALL,AAPLH142633000.U^H26,330.0,2026-08-14,SELL,1,100,0.07500000000000001,6.8500000000000005,0.65,0.0,18897.473399999988,100,,AAPLH142633000.U^H26,313.33,308.26,2026-08-10,daily,,,daily_bbo,1516862710e44a2345379823d30ef100f15d7edf148efbeee279d3b666e18c3d,,WEEKLY_5_PERCENT_SIGNAL_TARGET
14,covered_call,midpoint,2026-08-13,,,2026-08-13T16:00:00-04:00,True,session_open,DIVIDEND,AAPL.O,,,RECEIVE,0,,,27.0,0.0,0.0,18924.473399999988,100,,AAPLH142633000.U^H26,,305.26,,,,,,,,DIVIDEND_PAY_DATE
15,covered_call,midpoint,2026-08-14,,,2026-08-14T16:00:00-04:00,True,after_close,SHORT_CALL,AAPLH142633000.U^H26,330.0,2026-08-14,EXPIRE,1,100,0.0,0.0,0.0,0.0,18924.473399999988,100,,,,305.93,,,,,,,,EXPIRY_LESS_THAN_001_ITM
16,covered_call,midpoint,2026-08-17,2026-08-14,2026-08-17T09:00:00-04:00,2026-08-17T16:00:00-04:00,True,closing_execution,SHORT_CALL,AAPLH212632250.U^H26,322.5,2026-08-21,SELL,1,100,0.13,12.35,0.65,0.0,18936.823399999987,100,,AAPLH212632250.U^H26,305.93,305.59,2026-08-17,daily,,,daily_bbo,a18a8a4510c0d7a5dd98ccebcc3ff86e7b67ade62ac1a0b5da5f61936f08eaea,,WEEKLY_5_PERCENT_SIGNAL_TARGET
17,covered_call,midpoint,2026-08-21,,,2026-08-21T16:00:00-04:00,True,after_close,SHORT_CALL,AAPLH212632250.U^H26,322.5,2026-08-21,EXPIRE,1,100,0.0,0.0,0.0,0.0,18936.823399999987,100,,,,309.35,,,,,,,,EXPIRY_LESS_THAN_001_ITM
18,covered_call,midpoint,2026-08-24,2026-08-21,2026-08-24T09:00:00-04:00,2026-08-24T16:00:00-04:00,True,closing_execution,SHORT_CALL,AAPLH282633000.U^H26,330.0,2026-08-28,SELL,1,100,0.095,8.85,0.65,0.0,18945.673399999985,100,,AAPLH282633000.U^H26,309.35,310.34,2026-08-24,daily,,,daily_bbo,b43158c69e2e063a47f3de64579b92af4a50bf992474cc815d19178c934e840b,,WEEKLY_5_PERCENT_SIGNAL_TARGET
19,covered_call,midpoint,2026-08-28,,,2026-08-28T16:00:00-04:00,True,after_close,SHORT_CALL,AAPLH282633000.U^H26,330.0,2026-08-28,EXPIRE,1,100,0.0,0.0,0.0,0.0,18945.673399999985,100,,,,319.7,,,,,,,,EXPIRY_LESS_THAN_001_ITM
20,covered_call,midpoint,2026-08-31,2026-08-28,2026-08-31T09:00:00-04:00,2026-08-31T16:00:00-04:00,True,closing_execution,SHORT_CALL,AAPLI042633750.U^I26,337.5,2026-09-04,SELL,1,100,0.060000000000000005,5.3500000000000005,0.65,0.0,18951.023399999984,100,,AAPLI042633750.U^I26,319.7,316.85,2026-08-31,daily,,,daily_bbo,c346efe5ac1e788ff413e23b0041820568356656802ac6c80410eb89a172ffb6,,WEEKLY_5_PERCENT_SIGNAL_TARGET
21,covered_call,midpoint,2026-09-04,,,2026-09-04T16:00:00-04:00,True,after_close,SHORT_CALL,AAPLI042633750.U^I26,337.5,2026-09-04,EXPIRE,1,100,0.0,0.0,0.0,0.0,18951.023399999984,100,,,,319.97,,,,,,,,EXPIRY_LESS_THAN_001_ITM
22,covered_call,midpoint,2026-09-08,2026-09-04,2026-09-08T09:00:00-04:00,2026-09-08T16:00:00-04:00,True,closing_execution,SHORT_CALL,AAPLI112633750.U^I26,337.5,2026-09-11,SELL,1,100,0.29500000000000004,28.850000000000005,0.65,0.0,18979.873399999982,100,,AAPLI112633750.U^I26,319.97,316.22,2026-09-08,daily,,,daily_bbo,d6450c8a58a108f9d9ee9fe6d3982de4201f98e2f2c9ae7cde244169c0654140,,WEEKLY_5_PERCENT_SIGNAL_TARGET
23,covered_call,midpoint,2026-09-11,,,2026-09-11T16:00:00-04:00,True,after_close,SHORT_CALL,AAPLI112633750.U^I26,337.5,2026-09-11,EXPIRE,1,100,0.0,0.0,0.0,0.0,18979.873399999982,100,,,,332.27,,,,,,,,EXPIRY_LESS_THAN_001_ITM
24,covered_call,midpoint,2026-09-14,2026-09-11,2026-09-14T09:00:00-04:00,2026-09-14T16:00:00-04:00,True,closing_execution,SHORT_CALL,AAPLI182635000.U^I26,350.0,2026-09-18,SELL,1,100,0.215,20.85,0.65,0.0,19000.72339999998,100,,AAPLI182635000.U^I26,332.27,333.08,2026-09-14,daily,,,daily_bbo,4cb5dc0908383484d646feb091e41dff1fc15bce4c3fea1f4b49d077842d3bf7,,WEEKLY_5_PERCENT_SIGNAL_TARGET
25,covered_call,midpoint,2026-09-18,,,2026-09-18T16:00:00-04:00,True,after_close,SHORT_CALL,AAPLI182635000.U^I26,350.0,2026-09-18,EXPIRE,1,100,0.0,0.0,0.0,0.0,19000.72339999998,100,,,,336.13,,,,,,,,EXPIRY_LESS_THAN_001_ITM
26,covered_call,midpoint,2026-09-21,2026-09-18,2026-09-21T09:00:00-04:00,2026-09-21T16:00:00-04:00,True,closing_execution,SHORT_CALL,AAPLI252635500.U^I26,355.0,2026-09-25,SELL,1,100,0.16499999999999998,15.849999999999996,0.65,0.0,19016.57339999998,100,,AAPLI252635500.U^I26,336.13,338.98,2026-09-21,daily,,,daily_bbo,f37a7276a160322ea39b0ab5e3fe16545cc3b349b8c19986ddcff42ebfddb018,,WEEKLY_5_PERCENT_SIGNAL_TARGET
27,covered_call,midpoint,2026-09-25,,,2026-09-25T16:00:00-04:00,True,after_close,SHORT_CALL,AAPLI252635500.U^I26,355.0,2026-09-25,EXPIRE,1,100,0.0,0.0,0.0,0.0,19016.57339999998,100,,,,341.07,,,,,,,,EXPIRY_LESS_THAN_001_ITM
28,covered_call,midpoint,2026-09-28,2026-09-25,2026-09-28T09:00:00-04:00,2026-09-28T16:00:00-04:00,True,closing_execution,SHORT_CALL,AAPLJ022636000.U^J26,360.0,2026-10-02,SELL,1,100,0.045,3.85,0.65,0.0,19020.423399999978,100,,AAPLJ022636000.U^J26,341.07,338.4,2026-09-28,daily,,,daily_bbo,fd338ad30976c868b21aa4c419e775eb674a07d04fd059bfbd116446b841b326,,WEEKLY_5_PERCENT_SIGNAL_TARGET
29,covered_call,midpoint,2026-09-30,,,2026-09-30T16:00:00-04:00,True,closing_execution,SHORT_CALL,AAPLJ022636000.U^J26,360.0,2026-10-02,BUY,1,100,0.015,-2.15,0.65,0.0,19018.273399999976,100,,,,333.02,2026-09-30,quote_event,2026-09-30T19:59:48.070000+00:00,2026-09-30T19:59:53.116000+00:00,same_event_bbo_final_60_seconds,12d38bed4e8e9b1f44729ab38b8ae185be8d1cdf1e8bf36ccb966d56a0f734a4,,PREPLANNED_TERMINAL_LIQUIDATION
30,covered_call,midpoint,2026-09-30,,,2026-09-30T16:00:00-04:00,True,closing_execution,STOCK,AAPL.O,,,SELL,100,,332.986698,33298.6698,0.0,3.3302,52316.94319999998,0,,,,333.02,2026-09-30,daily,,,daily_stock_print,,,PREPLANNED_TERMINAL_LIQUIDATION
1,buy_hold,midpoint,2026-07-06,2026-07-02,2026-07-06T09:00:00-04:00,2026-07-06T16:00:00-04:00,True,closing_execution,STOCK,AAPL.O,,,BUY,100,,312.69126600000004,-31269.126600000003,0.0,3.1266000000000003,18730.873399999997,100,,,308.63,312.66,2026-07-06,daily,,,daily_stock_print,,,CASH_FUNDED_100_SHARES
2,buy_hold,midpoint,2026-08-10,,,2026-08-10T16:00:00-04:00,True,session_open,DIVIDEND,AAPL.O,,,ACCRUE,100,,0.27,0.0,0.0,0.0,18730.873399999997,100,,,,308.26,,,,,,,,EX_DATE_CARRIED_SHARES_ENTITLEMENT
3,buy_hold,midpoint,2026-08-13,,,2026-08-13T16:00:00-04:00,True,session_open,DIVIDEND,AAPL.O,,,RECEIVE,0,,,27.0,0.0,0.0,18757.873399999997,100,,,,305.26,,,,,,,,DIVIDEND_PAY_DATE
4,buy_hold,midpoint,2026-09-30,,,2026-09-30T16:00:00-04:00,True,closing_execution,STOCK,AAPL.O,,,SELL,100,,332.986698,33298.6698,0.0,3.3302,52056.5432,0,,,,333.02,2026-09-30,daily,,,daily_stock_print,,,PREPLANNED_TERMINAL_LIQUIDATION
1,pmcc,quoted_side,2026-07-06,2026-07-02,2026-07-06T09:00:00-04:00,2026-07-06T16:00:00-04:00,True,closing_execution,LONG_CALL,AAPLI172723000.U,230.0,2027-09-17,BUY,1,100,102.75,-10275.65,0.65,0.0,39724.35,0,AAPLI172723000.U,,308.63,312.66,2026-07-06,daily,,,daily_bbo,5b2494b1ac3874c9bb4395937db7379af4c1f75aee4b279fb1f90944908d38f3,,INITIAL_LONG
2,pmcc,quoted_side,2026-07-06,2026-07-02,2026-07-06T09:00:00-04:00,2026-07-06T16:00:00-04:00,True,closing_execution,SHORT_CALL,AAPLG102633000.U^G26,330.0,2026-07-10,SELL,1,100,0.14,13.350000000000001,0.65,0.0,39737.7,0,AAPLI172723000.U,AAPLG102633000.U^G26,308.63,312.66,2026-07-06,daily,,,daily_bbo,78a6848a9a4b91b20ad8ec8d1296bfb4a17d8257bc4972fd69c6451b146d9503,,WEEKLY_5_PERCENT_SIGNAL_TARGET
3,pmcc,quoted_side,2026-07-10,,,2026-07-10T16:00:00-04:00,True,after_close,SHORT_CALL,AAPLG102633000.U^G26,330.0,2026-07-10,EXPIRE,1,100,0.0,0.0,0.0,0.0,39737.7,0,AAPLI172723000.U,,,315.32,,,,,,,,EXPIRY_LESS_THAN_001_ITM
4,pmcc,quoted_side,2026-07-13,2026-07-10,2026-07-13T09:00:00-04:00,2026-07-13T16:00:00-04:00,True,closing_execution,SHORT_CALL,AAPLG172633750.U^G26,337.5,2026-07-17,SELL,1,100,0.15,14.35,0.65,0.0,39752.049999999996,0,AAPLI172723000.U,AAPLG172633750.U^G26,315.32,317.31,2026-07-13,daily,,,daily_bbo,676233f9e951f963f7e4dd3f925a6aec49cbd06f341e8c064b3693bf679b92cf,,WEEKLY_5_PERCENT_SIGNAL_TARGET
5,pmcc,quoted_side,2026-07-17,,,2026-07-17T16:00:00-04:00,True,after_close,SHORT_CALL,AAPLG172633750.U^G26,337.5,2026-07-17,EXPIRE,1,100,0.0,0.0,0.0,0.0,39752.049999999996,0,AAPLI172723000.U,,,333.74,,,,,,,,EXPIRY_LESS_THAN_001_ITM
6,pmcc,quoted_side,2026-07-20,2026-07-17,2026-07-20T09:00:00-04:00,2026-07-20T16:00:00-04:00,True,closing_execution,SHORT_CALL,AAPLG242635250.U^G26,352.5,2026-07-24,SELL,1,100,0.09,8.35,0.65,0.0,39760.399999999994,0,AAPLI172723000.U,AAPLG242635250.U^G26,333.74,326.59,2026-07-20,daily,,,daily_bbo,8ef430c9e329a70d8191b7549e402cf8a2d76df04a5af8f3f9dcdd622aa1980c,,WEEKLY_5_PERCENT_SIGNAL_TARGET
7,pmcc,quoted_side,2026-07-24,,,2026-07-24T16:00:00-04:00,True,after_close,SHORT_CALL,AAPLG242635250.U^G26,352.5,2026-07-24,EXPIRE,1,100,0.0,0.0,0.0,0.0,39760.399999999994,0,AAPLI172723000.U,,,333.02,,,,,,,,EXPIRY_LESS_THAN_001_ITM
8,pmcc,quoted_side,2026-07-27,2026-07-24,2026-07-27T09:00:00-04:00,2026-07-27T16:00:00-04:00,True,closing_execution,SHORT_CALL,AAPLG312635750.U^G26,357.5,2026-07-31,SELL,1,100,0.86,85.35,0.65,0.0,39845.74999999999,0,AAPLI172723000.U,AAPLG312635750.U^G26,333.02,336.91,2026-07-27,daily,,,daily_bbo,e0b4414f035dcc9d3f33755d41c91701e434e7ff9e858f37f94d524466484edf,,WEEKLY_5_PERCENT_SIGNAL_TARGET
9,pmcc,quoted_side,2026-07-31,,,2026-07-31T16:00:00-04:00,True,after_close,SHORT_CALL,AAPLG312635750.U^G26,357.5,2026-07-31,EXPIRE,1,100,0.0,0.0,0.0,0.0,39845.74999999999,0,AAPLI172723000.U,,,308.91,,,,,,,,EXPIRY_LESS_THAN_001_ITM
10,pmcc,quoted_side,2026-08-03,2026-07-31,2026-08-03T09:00:00-04:00,2026-08-03T16:00:00-04:00,True,closing_execution,SHORT_CALL,AAPLH072632500.U^H26,325.0,2026-08-07,SELL,1,100,0.22,21.35,0.65,0.0,39867.09999999999,0,AAPLI172723000.U,AAPLH072632500.U^H26,308.91,303.42,2026-08-03,daily,,,daily_bbo,1e634069af88a7a40f30012900d79475f9dae7187131d973f38f6e480728db7a,,WEEKLY_5_PERCENT_SIGNAL_TARGET
11,pmcc,quoted_side,2026-08-07,,,2026-08-07T16:00:00-04:00,True,after_close,SHORT_CALL,AAPLH072632500.U^H26,325.0,2026-08-07,EXPIRE,1,100,0.0,0.0,0.0,0.0,39867.09999999999,0,AAPLI172723000.U,,,313.33,,,,,,,,EXPIRY_LESS_THAN_001_ITM
12,pmcc,quoted_side,2026-08-10,2026-08-07,2026-08-10T09:00:00-04:00,2026-08-10T16:00:00-04:00,True,closing_execution,SHORT_CALL,AAPLH142633000.U^H26,330.0,2026-08-14,SELL,1,100,0.07,6.3500000000000005,0.65,0.0,39873.44999999999,0,AAPLI172723000.U,AAPLH142633000.U^H26,313.33,308.26,2026-08-10,daily,,,daily_bbo,1516862710e44a2345379823d30ef100f15d7edf148efbeee279d3b666e18c3d,,WEEKLY_5_PERCENT_SIGNAL_TARGET
13,pmcc,quoted_side,2026-08-14,,,2026-08-14T16:00:00-04:00,True,after_close,SHORT_CALL,AAPLH142633000.U^H26,330.0,2026-08-14,EXPIRE,1,100,0.0,0.0,0.0,0.0,39873.44999999999,0,AAPLI172723000.U,,,305.93,,,,,,,,EXPIRY_LESS_THAN_001_ITM
14,pmcc,quoted_side,2026-08-17,2026-08-14,2026-08-17T09:00:00-04:00,2026-08-17T16:00:00-04:00,True,closing_execution,SHORT_CALL,AAPLH212632250.U^H26,322.5,2026-08-21,SELL,1,100,0.12,11.35,0.65,0.0,39884.79999999999,0,AAPLI172723000.U,AAPLH212632250.U^H26,305.93,305.59,2026-08-17,daily,,,daily_bbo,a18a8a4510c0d7a5dd98ccebcc3ff86e7b67ade62ac1a0b5da5f61936f08eaea,,WEEKLY_5_PERCENT_SIGNAL_TARGET
15,pmcc,quoted_side,2026-08-21,,,2026-08-21T16:00:00-04:00,True,after_close,SHORT_CALL,AAPLH212632250.U^H26,322.5,2026-08-21,EXPIRE,1,100,0.0,0.0,0.0,0.0,39884.79999999999,0,AAPLI172723000.U,,,309.35,,,,,,,,EXPIRY_LESS_THAN_001_ITM
16,pmcc,quoted_side,2026-08-24,2026-08-21,2026-08-24T09:00:00-04:00,2026-08-24T16:00:00-04:00,True,closing_execution,SHORT_CALL,AAPLH282633000.U^H26,330.0,2026-08-28,SELL,1,100,0.09,8.35,0.65,0.0,39893.14999999999,0,AAPLI172723000.U,AAPLH282633000.U^H26,309.35,310.34,2026-08-24,daily,,,daily_bbo,b43158c69e2e063a47f3de64579b92af4a50bf992474cc815d19178c934e840b,,WEEKLY_5_PERCENT_SIGNAL_TARGET
17,pmcc,quoted_side,2026-08-28,,,2026-08-28T16:00:00-04:00,True,after_close,SHORT_CALL,AAPLH282633000.U^H26,330.0,2026-08-28,EXPIRE,1,100,0.0,0.0,0.0,0.0,39893.14999999999,0,AAPLI172723000.U,,,319.7,,,,,,,,EXPIRY_LESS_THAN_001_ITM
18,pmcc,quoted_side,2026-08-31,2026-08-28,2026-08-31T09:00:00-04:00,2026-08-31T16:00:00-04:00,True,closing_execution,SHORT_CALL,AAPLI042633750.U^I26,337.5,2026-09-04,SELL,1,100,0.05,4.35,0.65,0.0,39897.499999999985,0,AAPLI172723000.U,AAPLI042633750.U^I26,319.7,316.85,2026-08-31,daily,,,daily_bbo,c346efe5ac1e788ff413e23b0041820568356656802ac6c80410eb89a172ffb6,,WEEKLY_5_PERCENT_SIGNAL_TARGET
19,pmcc,quoted_side,2026-09-04,,,2026-09-04T16:00:00-04:00,True,after_close,SHORT_CALL,AAPLI042633750.U^I26,337.5,2026-09-04,EXPIRE,1,100,0.0,0.0,0.0,0.0,39897.499999999985,0,AAPLI172723000.U,,,319.97,,,,,,,,EXPIRY_LESS_THAN_001_ITM
20,pmcc,quoted_side,2026-09-08,2026-09-04,2026-09-08T09:00:00-04:00,2026-09-08T16:00:00-04:00,True,closing_execution,SHORT_CALL,AAPLI112633750.U^I26,337.5,2026-09-11,SELL,1,100,0.26,25.35,0.65,0.0,39922.849999999984,0,AAPLI172723000.U,AAPLI112633750.U^I26,319.97,316.22,2026-09-08,daily,,,daily_bbo,d6450c8a58a108f9d9ee9fe6d3982de4201f98e2f2c9ae7cde244169c0654140,,WEEKLY_5_PERCENT_SIGNAL_TARGET
21,pmcc,quoted_side,2026-09-11,,,2026-09-11T16:00:00-04:00,True,after_close,SHORT_CALL,AAPLI112633750.U^I26,337.5,2026-09-11,EXPIRE,1,100,0.0,0.0,0.0,0.0,39922.849999999984,0,AAPLI172723000.U,,,332.27,,,,,,,,EXPIRY_LESS_THAN_001_ITM
22,pmcc,quoted_side,2026-09-14,2026-09-11,2026-09-14T09:00:00-04:00,2026-09-14T16:00:00-04:00,True,closing_execution,SHORT_CALL,AAPLI182635000.U^I26,350.0,2026-09-18,SELL,1,100,0.21,20.35,0.65,0.0,39943.19999999998,0,AAPLI172723000.U,AAPLI182635000.U^I26,332.27,333.08,2026-09-14,daily,,,daily_bbo,4cb5dc0908383484d646feb091e41dff1fc15bce4c3fea1f4b49d077842d3bf7,,WEEKLY_5_PERCENT_SIGNAL_TARGET
23,pmcc,quoted_side,2026-09-18,,,2026-09-18T16:00:00-04:00,True,after_close,SHORT_CALL,AAPLI182635000.U^I26,350.0,2026-09-18,EXPIRE,1,100,0.0,0.0,0.0,0.0,39943.19999999998,0,AAPLI172723000.U,,,336.13,,,,,,,,EXPIRY_LESS_THAN_001_ITM
24,pmcc,quoted_side,2026-09-21,2026-09-18,2026-09-21T09:00:00-04:00,2026-09-21T16:00:00-04:00,True,closing_execution,SHORT_CALL,AAPLI252635500.U^I26,355.0,2026-09-25,SELL,1,100,0.15,14.35,0.65,0.0,39957.54999999998,0,AAPLI172723000.U,AAPLI252635500.U^I26,336.13,338.98,2026-09-21,daily,,,daily_bbo,f37a7276a160322ea39b0ab5e3fe16545cc3b349b8c19986ddcff42ebfddb018,,WEEKLY_5_PERCENT_SIGNAL_TARGET
25,pmcc,quoted_side,2026-09-25,,,2026-09-25T16:00:00-04:00,True,after_close,SHORT_CALL,AAPLI252635500.U^I26,355.0,2026-09-25,EXPIRE,1,100,0.0,0.0,0.0,0.0,39957.54999999998,0,AAPLI172723000.U,,,341.07,,,,,,,,EXPIRY_LESS_THAN_001_ITM
26,pmcc,quoted_side,2026-09-28,2026-09-25,2026-09-28T09:00:00-04:00,2026-09-28T16:00:00-04:00,True,closing_execution,SHORT_CALL,AAPLJ022636000.U^J26,360.0,2026-10-02,SELL,1,100,0.04,3.35,0.65,0.0,39960.89999999998,0,AAPLI172723000.U,AAPLJ022636000.U^J26,341.07,338.4,2026-09-28,daily,,,daily_bbo,fd338ad30976c868b21aa4c419e775eb674a07d04fd059bfbd116446b841b326,,WEEKLY_5_PERCENT_SIGNAL_TARGET
27,pmcc,quoted_side,2026-09-30,,,2026-09-30T16:00:00-04:00,True,closing_execution,SHORT_CALL,AAPLJ022636000.U^J26,360.0,2026-10-02,BUY,1,100,0.02,-2.65,0.65,0.0,39958.24999999998,0,AAPLI172723000.U,,,333.02,2026-09-30,quote_event,2026-09-30T19:59:48.070000+00:00,2026-09-30T19:59:53.116000+00:00,same_event_bbo_final_60_seconds,12d38bed4e8e9b1f44729ab38b8ae185be8d1cdf1e8bf36ccb966d56a0f734a4,,PREPLANNED_TERMINAL_LIQUIDATION
28,pmcc,quoted_side,2026-09-30,,,2026-09-30T16:00:00-04:00,True,closing_execution,LONG_CALL,AAPLI172723000.U,230.0,2027-09-17,SELL,1,100,114.8,11479.35,0.65,0.0,51437.59999999998,0,,,,333.02,2026-09-30,daily,,,daily_bbo,5b2494b1ac3874c9bb4395937db7379af4c1f75aee4b279fb1f90944908d38f3,,PREPLANNED_TERMINAL_LIQUIDATION
1,covered_call,quoted_side,2026-07-06,2026-07-02,2026-07-06T09:00:00-04:00,2026-07-06T16:00:00-04:00,True,closing_execution,STOCK,AAPL.O,,,BUY,100,,312.69126600000004,-31269.126600000003,0.0,3.1266000000000003,18730.873399999997,100,,,308.63,312.66,2026-07-06,daily,,,daily_stock_print,,,CASH_FUNDED_100_SHARES
2,covered_call,quoted_side,2026-07-06,2026-07-02,2026-07-06T09:00:00-04:00,2026-07-06T16:00:00-04:00,True,closing_execution,SHORT_CALL,AAPLG102633000.U^G26,330.0,2026-07-10,SELL,1,100,0.14,13.350000000000001,0.65,0.0,18744.223399999995,100,,AAPLG102633000.U^G26,308.63,312.66,2026-07-06,daily,,,daily_bbo,78a6848a9a4b91b20ad8ec8d1296bfb4a17d8257bc4972fd69c6451b146d9503,,WEEKLY_5_PERCENT_SIGNAL_TARGET
3,covered_call,quoted_side,2026-07-10,,,2026-07-10T16:00:00-04:00,True,after_close,SHORT_CALL,AAPLG102633000.U^G26,330.0,2026-07-10,EXPIRE,1,100,0.0,0.0,0.0,0.0,18744.223399999995,100,,,,315.32,,,,,,,,EXPIRY_LESS_THAN_001_ITM
4,covered_call,quoted_side,2026-07-13,2026-07-10,2026-07-13T09:00:00-04:00,2026-07-13T16:00:00-04:00,True,closing_execution,SHORT_CALL,AAPLG172633750.U^G26,337.5,2026-07-17,SELL,1,100,0.15,14.35,0.65,0.0,18758.573399999994,100,,AAPLG172633750.U^G26,315.32,317.31,2026-07-13,daily,,,daily_bbo,676233f9e951f963f7e4dd3f925a6aec49cbd06f341e8c064b3693bf679b92cf,,WEEKLY_5_PERCENT_SIGNAL_TARGET
5,covered_call,quoted_side,2026-07-17,,,2026-07-17T16:00:00-04:00,True,after_close,SHORT_CALL,AAPLG172633750.U^G26,337.5,2026-07-17,EXPIRE,1,100,0.0,0.0,0.0,0.0,18758.573399999994,100,,,,333.74,,,,,,,,EXPIRY_LESS_THAN_001_ITM
6,covered_call,quoted_side,2026-07-20,2026-07-17,2026-07-20T09:00:00-04:00,2026-07-20T16:00:00-04:00,True,closing_execution,SHORT_CALL,AAPLG242635250.U^G26,352.5,2026-07-24,SELL,1,100,0.09,8.35,0.65,0.0,18766.923399999992,100,,AAPLG242635250.U^G26,333.74,326.59,2026-07-20,daily,,,daily_bbo,8ef430c9e329a70d8191b7549e402cf8a2d76df04a5af8f3f9dcdd622aa1980c,,WEEKLY_5_PERCENT_SIGNAL_TARGET
7,covered_call,quoted_side,2026-07-24,,,2026-07-24T16:00:00-04:00,True,after_close,SHORT_CALL,AAPLG242635250.U^G26,352.5,2026-07-24,EXPIRE,1,100,0.0,0.0,0.0,0.0,18766.923399999992,100,,,,333.02,,,,,,,,EXPIRY_LESS_THAN_001_ITM
8,covered_call,quoted_side,2026-07-27,2026-07-24,2026-07-27T09:00:00-04:00,2026-07-27T16:00:00-04:00,True,closing_execution,SHORT_CALL,AAPLG312635750.U^G26,357.5,2026-07-31,SELL,1,100,0.86,85.35,0.65,0.0,18852.27339999999,100,,AAPLG312635750.U^G26,333.02,336.91,2026-07-27,daily,,,daily_bbo,e0b4414f035dcc9d3f33755d41c91701e434e7ff9e858f37f94d524466484edf,,WEEKLY_5_PERCENT_SIGNAL_TARGET
9,covered_call,quoted_side,2026-07-31,,,2026-07-31T16:00:00-04:00,True,after_close,SHORT_CALL,AAPLG312635750.U^G26,357.5,2026-07-31,EXPIRE,1,100,0.0,0.0,0.0,0.0,18852.27339999999,100,,,,308.91,,,,,,,,EXPIRY_LESS_THAN_001_ITM
10,covered_call,quoted_side,2026-08-03,2026-07-31,2026-08-03T09:00:00-04:00,2026-08-03T16:00:00-04:00,True,closing_execution,SHORT_CALL,AAPLH072632500.U^H26,325.0,2026-08-07,SELL,1,100,0.22,21.35,0.65,0.0,18873.62339999999,100,,AAPLH072632500.U^H26,308.91,303.42,2026-08-03,daily,,,daily_bbo,1e634069af88a7a40f30012900d79475f9dae7187131d973f38f6e480728db7a,,WEEKLY_5_PERCENT_SIGNAL_TARGET
11,covered_call,quoted_side,2026-08-07,,,2026-08-07T16:00:00-04:00,True,after_close,SHORT_CALL,AAPLH072632500.U^H26,325.0,2026-08-07,EXPIRE,1,100,0.0,0.0,0.0,0.0,18873.62339999999,100,,,,313.33,,,,,,,,EXPIRY_LESS_THAN_001_ITM
12,covered_call,quoted_side,2026-08-10,,,2026-08-10T16:00:00-04:00,True,session_open,DIVIDEND,AAPL.O,,,ACCRUE,100,,0.27,0.0,0.0,0.0,18873.62339999999,100,,,,308.26,,,,,,,,EX_DATE_CARRIED_SHARES_ENTITLEMENT
13,covered_call,quoted_side,2026-08-10,2026-08-07,2026-08-10T09:00:00-04:00,2026-08-10T16:00:00-04:00,True,closing_execution,SHORT_CALL,AAPLH142633000.U^H26,330.0,2026-08-14,SELL,1,100,0.07,6.3500000000000005,0.65,0.0,18879.973399999988,100,,AAPLH142633000.U^H26,313.33,308.26,2026-08-10,daily,,,daily_bbo,1516862710e44a2345379823d30ef100f15d7edf148efbeee279d3b666e18c3d,,WEEKLY_5_PERCENT_SIGNAL_TARGET
14,covered_call,quoted_side,2026-08-13,,,2026-08-13T16:00:00-04:00,True,session_open,DIVIDEND,AAPL.O,,,RECEIVE,0,,,27.0,0.0,0.0,18906.973399999988,100,,AAPLH142633000.U^H26,,305.26,,,,,,,,DIVIDEND_PAY_DATE
15,covered_call,quoted_side,2026-08-14,,,2026-08-14T16:00:00-04:00,True,after_close,SHORT_CALL,AAPLH142633000.U^H26,330.0,2026-08-14,EXPIRE,1,100,0.0,0.0,0.0,0.0,18906.973399999988,100,,,,305.93,,,,,,,,EXPIRY_LESS_THAN_001_ITM
16,covered_call,quoted_side,2026-08-17,2026-08-14,2026-08-17T09:00:00-04:00,2026-08-17T16:00:00-04:00,True,closing_execution,SHORT_CALL,AAPLH212632250.U^H26,322.5,2026-08-21,SELL,1,100,0.12,11.35,0.65,0.0,18918.323399999987,100,,AAPLH212632250.U^H26,305.93,305.59,2026-08-17,daily,,,daily_bbo,a18a8a4510c0d7a5dd98ccebcc3ff86e7b67ade62ac1a0b5da5f61936f08eaea,,WEEKLY_5_PERCENT_SIGNAL_TARGET
17,covered_call,quoted_side,2026-08-21,,,2026-08-21T16:00:00-04:00,True,after_close,SHORT_CALL,AAPLH212632250.U^H26,322.5,2026-08-21,EXPIRE,1,100,0.0,0.0,0.0,0.0,18918.323399999987,100,,,,309.35,,,,,,,,EXPIRY_LESS_THAN_001_ITM
18,covered_call,quoted_side,2026-08-24,2026-08-21,2026-08-24T09:00:00-04:00,2026-08-24T16:00:00-04:00,True,closing_execution,SHORT_CALL,AAPLH282633000.U^H26,330.0,2026-08-28,SELL,1,100,0.09,8.35,0.65,0.0,18926.673399999985,100,,AAPLH282633000.U^H26,309.35,310.34,2026-08-24,daily,,,daily_bbo,b43158c69e2e063a47f3de64579b92af4a50bf992474cc815d19178c934e840b,,WEEKLY_5_PERCENT_SIGNAL_TARGET
19,covered_call,quoted_side,2026-08-28,,,2026-08-28T16:00:00-04:00,True,after_close,SHORT_CALL,AAPLH282633000.U^H26,330.0,2026-08-28,EXPIRE,1,100,0.0,0.0,0.0,0.0,18926.673399999985,100,,,,319.7,,,,,,,,EXPIRY_LESS_THAN_001_ITM
20,covered_call,quoted_side,2026-08-31,2026-08-28,2026-08-31T09:00:00-04:00,2026-08-31T16:00:00-04:00,True,closing_execution,SHORT_CALL,AAPLI042633750.U^I26,337.5,2026-09-04,SELL,1,100,0.05,4.35,0.65,0.0,18931.023399999984,100,,AAPLI042633750.U^I26,319.7,316.85,2026-08-31,daily,,,daily_bbo,c346efe5ac1e788ff413e23b0041820568356656802ac6c80410eb89a172ffb6,,WEEKLY_5_PERCENT_SIGNAL_TARGET
21,covered_call,quoted_side,2026-09-04,,,2026-09-04T16:00:00-04:00,True,after_close,SHORT_CALL,AAPLI042633750.U^I26,337.5,2026-09-04,EXPIRE,1,100,0.0,0.0,0.0,0.0,18931.023399999984,100,,,,319.97,,,,,,,,EXPIRY_LESS_THAN_001_ITM
22,covered_call,quoted_side,2026-09-08,2026-09-04,2026-09-08T09:00:00-04:00,2026-09-08T16:00:00-04:00,True,closing_execution,SHORT_CALL,AAPLI112633750.U^I26,337.5,2026-09-11,SELL,1,100,0.26,25.35,0.65,0.0,18956.373399999982,100,,AAPLI112633750.U^I26,319.97,316.22,2026-09-08,daily,,,daily_bbo,d6450c8a58a108f9d9ee9fe6d3982de4201f98e2f2c9ae7cde244169c0654140,,WEEKLY_5_PERCENT_SIGNAL_TARGET
23,covered_call,quoted_side,2026-09-11,,,2026-09-11T16:00:00-04:00,True,after_close,SHORT_CALL,AAPLI112633750.U^I26,337.5,2026-09-11,EXPIRE,1,100,0.0,0.0,0.0,0.0,18956.373399999982,100,,,,332.27,,,,,,,,EXPIRY_LESS_THAN_001_ITM
24,covered_call,quoted_side,2026-09-14,2026-09-11,2026-09-14T09:00:00-04:00,2026-09-14T16:00:00-04:00,True,closing_execution,SHORT_CALL,AAPLI182635000.U^I26,350.0,2026-09-18,SELL,1,100,0.21,20.35,0.65,0.0,18976.72339999998,100,,AAPLI182635000.U^I26,332.27,333.08,2026-09-14,daily,,,daily_bbo,4cb5dc0908383484d646feb091e41dff1fc15bce4c3fea1f4b49d077842d3bf7,,WEEKLY_5_PERCENT_SIGNAL_TARGET
25,covered_call,quoted_side,2026-09-18,,,2026-09-18T16:00:00-04:00,True,after_close,SHORT_CALL,AAPLI182635000.U^I26,350.0,2026-09-18,EXPIRE,1,100,0.0,0.0,0.0,0.0,18976.72339999998,100,,,,336.13,,,,,,,,EXPIRY_LESS_THAN_001_ITM
26,covered_call,quoted_side,2026-09-21,2026-09-18,2026-09-21T09:00:00-04:00,2026-09-21T16:00:00-04:00,True,closing_execution,SHORT_CALL,AAPLI252635500.U^I26,355.0,2026-09-25,SELL,1,100,0.15,14.35,0.65,0.0,18991.07339999998,100,,AAPLI252635500.U^I26,336.13,338.98,2026-09-21,daily,,,daily_bbo,f37a7276a160322ea39b0ab5e3fe16545cc3b349b8c19986ddcff42ebfddb018,,WEEKLY_5_PERCENT_SIGNAL_TARGET
27,covered_call,quoted_side,2026-09-25,,,2026-09-25T16:00:00-04:00,True,after_close,SHORT_CALL,AAPLI252635500.U^I26,355.0,2026-09-25,EXPIRE,1,100,0.0,0.0,0.0,0.0,18991.07339999998,100,,,,341.07,,,,,,,,EXPIRY_LESS_THAN_001_ITM
28,covered_call,quoted_side,2026-09-28,2026-09-25,2026-09-28T09:00:00-04:00,2026-09-28T16:00:00-04:00,True,closing_execution,SHORT_CALL,AAPLJ022636000.U^J26,360.0,2026-10-02,SELL,1,100,0.04,3.35,0.65,0.0,18994.423399999978,100,,AAPLJ022636000.U^J26,341.07,338.4,2026-09-28,daily,,,daily_bbo,fd338ad30976c868b21aa4c419e775eb674a07d04fd059bfbd116446b841b326,,WEEKLY_5_PERCENT_SIGNAL_TARGET
29,covered_call,quoted_side,2026-09-30,,,2026-09-30T16:00:00-04:00,True,closing_execution,SHORT_CALL,AAPLJ022636000.U^J26,360.0,2026-10-02,BUY,1,100,0.02,-2.65,0.65,0.0,18991.773399999976,100,,,,333.02,2026-09-30,quote_event,2026-09-30T19:59:48.070000+00:00,2026-09-30T19:59:53.116000+00:00,same_event_bbo_final_60_seconds,12d38bed4e8e9b1f44729ab38b8ae185be8d1cdf1e8bf36ccb966d56a0f734a4,,PREPLANNED_TERMINAL_LIQUIDATION
30,covered_call,quoted_side,2026-09-30,,,2026-09-30T16:00:00-04:00,True,closing_execution,STOCK,AAPL.O,,,SELL,100,,332.986698,33298.6698,0.0,3.3302,52290.44319999998,0,,,,333.02,2026-09-30,daily,,,daily_stock_print,,,PREPLANNED_TERMINAL_LIQUIDATION
1,buy_hold,quoted_side,2026-07-06,2026-07-02,2026-07-06T09:00:00-04:00,2026-07-06T16:00:00-04:00,True,closing_execution,STOCK,AAPL.O,,,BUY,100,,312.69126600000004,-31269.126600000003,0.0,3.1266000000000003,18730.873399999997,100,,,308.63,312.66,2026-07-06,daily,,,daily_stock_print,,,CASH_FUNDED_100_SHARES
2,buy_hold,quoted_side,2026-08-10,,,2026-08-10T16:00:00-04:00,True,session_open,DIVIDEND,AAPL.O,,,ACCRUE,100,,0.27,0.0,0.0,0.0,18730.873399999997,100,,,,308.26,,,,,,,,EX_DATE_CARRIED_SHARES_ENTITLEMENT
3,buy_hold,quoted_side,2026-08-13,,,2026-08-13T16:00:00-04:00,True,session_open,DIVIDEND,AAPL.O,,,RECEIVE,0,,,27.0,0.0,0.0,18757.873399999997,100,,,,305.26,,,,,,,,DIVIDEND_PAY_DATE
4,buy_hold,quoted_side,2026-09-30,,,2026-09-30T16:00:00-04:00,True,closing_execution,STOCK,AAPL.O,,,SELL,100,,332.986698,33298.6698,0.0,3.3302,52056.5432,0,,,,333.02,2026-09-30,daily,,,daily_stock_print,,,PREPLANNED_TERMINAL_LIQUIDATION
