strategy,fill_model,date,signal_date,signal_at,closing_reference,friday_series,last_session,holiday_shifted,signal_spot,execution_spot,signal_target,selected_long,selected_short,selected_strike,actual_entry_moneyness,time_to_last_trade_days,positive_bid_verified,outcome,reason
pmcc,midpoint,2026-07-06,2026-07-02,2026-07-06T09:00:00-04:00,2026-07-06T16:00:00-04:00,2026-07-10,2026-07-10,False,308.63,312.66,324.0615,AAPLI172723000.U,AAPLG102633000.U^G26,330.0,0.05545960468240252,4.0,True,filled,FILLED_PRESELECTED_SHORT
pmcc,midpoint,2026-07-13,2026-07-10,2026-07-13T09:00:00-04:00,2026-07-13T16:00:00-04:00,2026-07-17,2026-07-17,False,315.32,317.31,331.086,AAPLI172723000.U,AAPLG172633750.U^G26,337.5,0.06362862815543169,4.0,True,filled,FILLED_PRESELECTED_SHORT
pmcc,midpoint,2026-07-20,2026-07-17,2026-07-20T09:00:00-04:00,2026-07-20T16:00:00-04:00,2026-07-24,2026-07-24,False,333.74,326.59,350.427,AAPLI172723000.U,AAPLG242635250.U^G26,352.5,0.07933494595670432,4.0,True,filled,FILLED_PRESELECTED_SHORT
pmcc,midpoint,2026-07-27,2026-07-24,2026-07-27T09:00:00-04:00,2026-07-27T16:00:00-04:00,2026-07-31,2026-07-31,False,333.02,336.91,349.671,AAPLI172723000.U,AAPLG312635750.U^G26,357.5,0.06111424416016131,4.0,True,filled,FILLED_PRESELECTED_SHORT
pmcc,midpoint,2026-08-03,2026-07-31,2026-08-03T09:00:00-04:00,2026-08-03T16:00:00-04:00,2026-08-07,2026-08-07,False,308.91,303.42,324.35550000000006,AAPLI172723000.U,AAPLH072632500.U^H26,325.0,0.07112253641816624,4.0,True,filled,FILLED_PRESELECTED_SHORT
pmcc,midpoint,2026-08-10,2026-08-07,2026-08-10T09:00:00-04:00,2026-08-10T16:00:00-04:00,2026-08-14,2026-08-14,False,313.33,308.26,328.99649999999997,AAPLI172723000.U,AAPLH142633000.U^H26,330.0,0.07052488159346004,4.0,True,filled,FILLED_PRESELECTED_SHORT
pmcc,midpoint,2026-08-17,2026-08-14,2026-08-17T09:00:00-04:00,2026-08-17T16:00:00-04:00,2026-08-21,2026-08-21,False,305.93,305.59,321.22650000000004,AAPLI172723000.U,AAPLH212632250.U^H26,322.5,0.05533558035276043,4.0,True,filled,FILLED_PRESELECTED_SHORT
pmcc,midpoint,2026-08-24,2026-08-21,2026-08-24T09:00:00-04:00,2026-08-24T16:00:00-04:00,2026-08-28,2026-08-28,False,309.35,310.34,324.81750000000005,AAPLI172723000.U,AAPLH282633000.U^H26,330.0,0.06334987433137851,4.0,True,filled,FILLED_PRESELECTED_SHORT
pmcc,midpoint,2026-08-31,2026-08-28,2026-08-31T09:00:00-04:00,2026-08-31T16:00:00-04:00,2026-09-04,2026-09-04,False,319.7,316.85,335.685,AAPLI172723000.U,AAPLI042633750.U^I26,337.5,0.06517279469780646,4.0,True,filled,FILLED_PRESELECTED_SHORT
pmcc,midpoint,2026-09-08,2026-09-04,2026-09-08T09:00:00-04:00,2026-09-08T16:00:00-04:00,2026-09-11,2026-09-11,True,319.97,,335.96850000000006,AAPLI172723000.U,,,,,,skipped,NO_ELIGIBLE_OBSERVED_FRIDAY_CALL
pmcc,midpoint,2026-09-14,2026-09-11,2026-09-14T09:00:00-04:00,2026-09-14T16:00:00-04:00,2026-09-18,2026-09-18,False,332.27,,348.88349999999997,AAPLI172723000.U,,,,,,skipped,NO_ELIGIBLE_OBSERVED_FRIDAY_CALL
pmcc,midpoint,2026-09-21,2026-09-18,2026-09-21T09:00:00-04:00,2026-09-21T16:00:00-04:00,2026-09-25,2026-09-25,False,336.13,,352.9365,AAPLI172723000.U,,,,,,skipped,NO_ELIGIBLE_OBSERVED_FRIDAY_CALL
pmcc,midpoint,2026-09-28,2026-09-25,2026-09-28T09:00:00-04:00,2026-09-28T16:00:00-04:00,2026-10-02,2026-10-02,False,341.07,,358.12350000000004,AAPLI172723000.U,,,,,,skipped,NO_ELIGIBLE_OBSERVED_FRIDAY_CALL
covered_call,midpoint,2026-07-06,2026-07-02,2026-07-06T09:00:00-04:00,2026-07-06T16:00:00-04:00,2026-07-10,2026-07-10,False,308.63,312.66,324.0615,,AAPLG102633000.U^G26,330.0,0.05545960468240252,4.0,True,filled,FILLED_PRESELECTED_SHORT
covered_call,midpoint,2026-07-13,2026-07-10,2026-07-13T09:00:00-04:00,2026-07-13T16:00:00-04:00,2026-07-17,2026-07-17,False,315.32,317.31,331.086,,AAPLG172633750.U^G26,337.5,0.06362862815543169,4.0,True,filled,FILLED_PRESELECTED_SHORT
covered_call,midpoint,2026-07-20,2026-07-17,2026-07-20T09:00:00-04:00,2026-07-20T16:00:00-04:00,2026-07-24,2026-07-24,False,333.74,326.59,350.427,,AAPLG242635250.U^G26,352.5,0.07933494595670432,4.0,True,filled,FILLED_PRESELECTED_SHORT
covered_call,midpoint,2026-07-27,2026-07-24,2026-07-27T09:00:00-04:00,2026-07-27T16:00:00-04:00,2026-07-31,2026-07-31,False,333.02,336.91,349.671,,AAPLG312635750.U^G26,357.5,0.06111424416016131,4.0,True,filled,FILLED_PRESELECTED_SHORT
covered_call,midpoint,2026-08-03,2026-07-31,2026-08-03T09:00:00-04:00,2026-08-03T16:00:00-04:00,2026-08-07,2026-08-07,False,308.91,303.42,324.35550000000006,,AAPLH072632500.U^H26,325.0,0.07112253641816624,4.0,True,filled,FILLED_PRESELECTED_SHORT
covered_call,midpoint,2026-08-10,2026-08-07,2026-08-10T09:00:00-04:00,2026-08-10T16:00:00-04:00,2026-08-14,2026-08-14,False,313.33,308.26,328.99649999999997,,AAPLH142633000.U^H26,330.0,0.07052488159346004,4.0,True,filled,FILLED_PRESELECTED_SHORT
covered_call,midpoint,2026-08-17,2026-08-14,2026-08-17T09:00:00-04:00,2026-08-17T16:00:00-04:00,2026-08-21,2026-08-21,False,305.93,305.59,321.22650000000004,,AAPLH212632250.U^H26,322.5,0.05533558035276043,4.0,True,filled,FILLED_PRESELECTED_SHORT
covered_call,midpoint,2026-08-24,2026-08-21,2026-08-24T09:00:00-04:00,2026-08-24T16:00:00-04:00,2026-08-28,2026-08-28,False,309.35,310.34,324.81750000000005,,AAPLH282633000.U^H26,330.0,0.06334987433137851,4.0,True,filled,FILLED_PRESELECTED_SHORT
covered_call,midpoint,2026-08-31,2026-08-28,2026-08-31T09:00:00-04:00,2026-08-31T16:00:00-04:00,2026-09-04,2026-09-04,False,319.7,316.85,335.685,,AAPLI042633750.U^I26,337.5,0.06517279469780646,4.0,True,filled,FILLED_PRESELECTED_SHORT
covered_call,midpoint,2026-09-08,2026-09-04,2026-09-08T09:00:00-04:00,2026-09-08T16:00:00-04:00,2026-09-11,2026-09-11,True,319.97,,335.96850000000006,,,,,,,skipped,NO_ELIGIBLE_OBSERVED_FRIDAY_CALL
covered_call,midpoint,2026-09-14,2026-09-11,2026-09-14T09:00:00-04:00,2026-09-14T16:00:00-04:00,2026-09-18,2026-09-18,False,332.27,,348.88349999999997,,,,,,,skipped,NO_ELIGIBLE_OBSERVED_FRIDAY_CALL
covered_call,midpoint,2026-09-21,2026-09-18,2026-09-21T09:00:00-04:00,2026-09-21T16:00:00-04:00,2026-09-25,2026-09-25,False,336.13,,352.9365,,,,,,,skipped,NO_ELIGIBLE_OBSERVED_FRIDAY_CALL
covered_call,midpoint,2026-09-28,2026-09-25,2026-09-28T09:00:00-04:00,2026-09-28T16:00:00-04:00,2026-10-02,2026-10-02,False,341.07,,358.12350000000004,,,,,,,skipped,NO_ELIGIBLE_OBSERVED_FRIDAY_CALL
buy_hold,midpoint,2026-07-06,2026-07-02,2026-07-06T09:00:00-04:00,2026-07-06T16:00:00-04:00,2026-07-10,2026-07-10,False,308.63,,324.0615,,,,,,,filled,INITIAL_BUY_AND_HOLD
buy_hold,midpoint,2026-07-13,2026-07-10,2026-07-13T09:00:00-04:00,2026-07-13T16:00:00-04:00,2026-07-17,2026-07-17,False,315.32,,331.086,,,,,,,not_scheduled,BUY_AND_HOLD_NO_WEEKLY_OVERLAY
buy_hold,midpoint,2026-07-20,2026-07-17,2026-07-20T09:00:00-04:00,2026-07-20T16:00:00-04:00,2026-07-24,2026-07-24,False,333.74,,350.427,,,,,,,not_scheduled,BUY_AND_HOLD_NO_WEEKLY_OVERLAY
buy_hold,midpoint,2026-07-27,2026-07-24,2026-07-27T09:00:00-04:00,2026-07-27T16:00:00-04:00,2026-07-31,2026-07-31,False,333.02,,349.671,,,,,,,not_scheduled,BUY_AND_HOLD_NO_WEEKLY_OVERLAY
buy_hold,midpoint,2026-08-03,2026-07-31,2026-08-03T09:00:00-04:00,2026-08-03T16:00:00-04:00,2026-08-07,2026-08-07,False,308.91,,324.35550000000006,,,,,,,not_scheduled,BUY_AND_HOLD_NO_WEEKLY_OVERLAY
buy_hold,midpoint,2026-08-10,2026-08-07,2026-08-10T09:00:00-04:00,2026-08-10T16:00:00-04:00,2026-08-14,2026-08-14,False,313.33,,328.99649999999997,,,,,,,not_scheduled,BUY_AND_HOLD_NO_WEEKLY_OVERLAY
buy_hold,midpoint,2026-08-17,2026-08-14,2026-08-17T09:00:00-04:00,2026-08-17T16:00:00-04:00,2026-08-21,2026-08-21,False,305.93,,321.22650000000004,,,,,,,not_scheduled,BUY_AND_HOLD_NO_WEEKLY_OVERLAY
buy_hold,midpoint,2026-08-24,2026-08-21,2026-08-24T09:00:00-04:00,2026-08-24T16:00:00-04:00,2026-08-28,2026-08-28,False,309.35,,324.81750000000005,,,,,,,not_scheduled,BUY_AND_HOLD_NO_WEEKLY_OVERLAY
buy_hold,midpoint,2026-08-31,2026-08-28,2026-08-31T09:00:00-04:00,2026-08-31T16:00:00-04:00,2026-09-04,2026-09-04,False,319.7,,335.685,,,,,,,not_scheduled,BUY_AND_HOLD_NO_WEEKLY_OVERLAY
buy_hold,midpoint,2026-09-08,2026-09-04,2026-09-08T09:00:00-04:00,2026-09-08T16:00:00-04:00,2026-09-11,2026-09-11,True,319.97,,335.96850000000006,,,,,,,not_scheduled,BUY_AND_HOLD_NO_WEEKLY_OVERLAY
buy_hold,midpoint,2026-09-14,2026-09-11,2026-09-14T09:00:00-04:00,2026-09-14T16:00:00-04:00,2026-09-18,2026-09-18,False,332.27,,348.88349999999997,,,,,,,not_scheduled,BUY_AND_HOLD_NO_WEEKLY_OVERLAY
buy_hold,midpoint,2026-09-21,2026-09-18,2026-09-21T09:00:00-04:00,2026-09-21T16:00:00-04:00,2026-09-25,2026-09-25,False,336.13,,352.9365,,,,,,,not_scheduled,BUY_AND_HOLD_NO_WEEKLY_OVERLAY
buy_hold,midpoint,2026-09-28,2026-09-25,2026-09-28T09:00:00-04:00,2026-09-28T16:00:00-04:00,2026-10-02,2026-10-02,False,341.07,,358.12350000000004,,,,,,,not_scheduled,BUY_AND_HOLD_NO_WEEKLY_OVERLAY
pmcc,quoted_side,2026-07-06,2026-07-02,2026-07-06T09:00:00-04:00,2026-07-06T16:00:00-04:00,2026-07-10,2026-07-10,False,308.63,312.66,324.0615,AAPLI172723000.U,AAPLG102633000.U^G26,330.0,0.05545960468240252,4.0,True,filled,FILLED_PRESELECTED_SHORT
pmcc,quoted_side,2026-07-13,2026-07-10,2026-07-13T09:00:00-04:00,2026-07-13T16:00:00-04:00,2026-07-17,2026-07-17,False,315.32,317.31,331.086,AAPLI172723000.U,AAPLG172633750.U^G26,337.5,0.06362862815543169,4.0,True,filled,FILLED_PRESELECTED_SHORT
pmcc,quoted_side,2026-07-20,2026-07-17,2026-07-20T09:00:00-04:00,2026-07-20T16:00:00-04:00,2026-07-24,2026-07-24,False,333.74,326.59,350.427,AAPLI172723000.U,AAPLG242635250.U^G26,352.5,0.07933494595670432,4.0,True,filled,FILLED_PRESELECTED_SHORT
pmcc,quoted_side,2026-07-27,2026-07-24,2026-07-27T09:00:00-04:00,2026-07-27T16:00:00-04:00,2026-07-31,2026-07-31,False,333.02,336.91,349.671,AAPLI172723000.U,AAPLG312635750.U^G26,357.5,0.06111424416016131,4.0,True,filled,FILLED_PRESELECTED_SHORT
pmcc,quoted_side,2026-08-03,2026-07-31,2026-08-03T09:00:00-04:00,2026-08-03T16:00:00-04:00,2026-08-07,2026-08-07,False,308.91,303.42,324.35550000000006,AAPLI172723000.U,AAPLH072632500.U^H26,325.0,0.07112253641816624,4.0,True,filled,FILLED_PRESELECTED_SHORT
pmcc,quoted_side,2026-08-10,2026-08-07,2026-08-10T09:00:00-04:00,2026-08-10T16:00:00-04:00,2026-08-14,2026-08-14,False,313.33,308.26,328.99649999999997,AAPLI172723000.U,AAPLH142633000.U^H26,330.0,0.07052488159346004,4.0,True,filled,FILLED_PRESELECTED_SHORT
pmcc,quoted_side,2026-08-17,2026-08-14,2026-08-17T09:00:00-04:00,2026-08-17T16:00:00-04:00,2026-08-21,2026-08-21,False,305.93,305.59,321.22650000000004,AAPLI172723000.U,AAPLH212632250.U^H26,322.5,0.05533558035276043,4.0,True,filled,FILLED_PRESELECTED_SHORT
pmcc,quoted_side,2026-08-24,2026-08-21,2026-08-24T09:00:00-04:00,2026-08-24T16:00:00-04:00,2026-08-28,2026-08-28,False,309.35,310.34,324.81750000000005,AAPLI172723000.U,AAPLH282633000.U^H26,330.0,0.06334987433137851,4.0,True,filled,FILLED_PRESELECTED_SHORT
pmcc,quoted_side,2026-08-31,2026-08-28,2026-08-31T09:00:00-04:00,2026-08-31T16:00:00-04:00,2026-09-04,2026-09-04,False,319.7,316.85,335.685,AAPLI172723000.U,AAPLI042633750.U^I26,337.5,0.06517279469780646,4.0,True,filled,FILLED_PRESELECTED_SHORT
pmcc,quoted_side,2026-09-08,2026-09-04,2026-09-08T09:00:00-04:00,2026-09-08T16:00:00-04:00,2026-09-11,2026-09-11,True,319.97,,335.96850000000006,AAPLI172723000.U,,,,,,skipped,NO_ELIGIBLE_OBSERVED_FRIDAY_CALL
pmcc,quoted_side,2026-09-14,2026-09-11,2026-09-14T09:00:00-04:00,2026-09-14T16:00:00-04:00,2026-09-18,2026-09-18,False,332.27,,348.88349999999997,AAPLI172723000.U,,,,,,skipped,NO_ELIGIBLE_OBSERVED_FRIDAY_CALL
pmcc,quoted_side,2026-09-21,2026-09-18,2026-09-21T09:00:00-04:00,2026-09-21T16:00:00-04:00,2026-09-25,2026-09-25,False,336.13,,352.9365,AAPLI172723000.U,,,,,,skipped,NO_ELIGIBLE_OBSERVED_FRIDAY_CALL
pmcc,quoted_side,2026-09-28,2026-09-25,2026-09-28T09:00:00-04:00,2026-09-28T16:00:00-04:00,2026-10-02,2026-10-02,False,341.07,,358.12350000000004,AAPLI172723000.U,,,,,,skipped,NO_ELIGIBLE_OBSERVED_FRIDAY_CALL
covered_call,quoted_side,2026-07-06,2026-07-02,2026-07-06T09:00:00-04:00,2026-07-06T16:00:00-04:00,2026-07-10,2026-07-10,False,308.63,312.66,324.0615,,AAPLG102633000.U^G26,330.0,0.05545960468240252,4.0,True,filled,FILLED_PRESELECTED_SHORT
covered_call,quoted_side,2026-07-13,2026-07-10,2026-07-13T09:00:00-04:00,2026-07-13T16:00:00-04:00,2026-07-17,2026-07-17,False,315.32,317.31,331.086,,AAPLG172633750.U^G26,337.5,0.06362862815543169,4.0,True,filled,FILLED_PRESELECTED_SHORT
covered_call,quoted_side,2026-07-20,2026-07-17,2026-07-20T09:00:00-04:00,2026-07-20T16:00:00-04:00,2026-07-24,2026-07-24,False,333.74,326.59,350.427,,AAPLG242635250.U^G26,352.5,0.07933494595670432,4.0,True,filled,FILLED_PRESELECTED_SHORT
covered_call,quoted_side,2026-07-27,2026-07-24,2026-07-27T09:00:00-04:00,2026-07-27T16:00:00-04:00,2026-07-31,2026-07-31,False,333.02,336.91,349.671,,AAPLG312635750.U^G26,357.5,0.06111424416016131,4.0,True,filled,FILLED_PRESELECTED_SHORT
covered_call,quoted_side,2026-08-03,2026-07-31,2026-08-03T09:00:00-04:00,2026-08-03T16:00:00-04:00,2026-08-07,2026-08-07,False,308.91,303.42,324.35550000000006,,AAPLH072632500.U^H26,325.0,0.07112253641816624,4.0,True,filled,FILLED_PRESELECTED_SHORT
covered_call,quoted_side,2026-08-10,2026-08-07,2026-08-10T09:00:00-04:00,2026-08-10T16:00:00-04:00,2026-08-14,2026-08-14,False,313.33,308.26,328.99649999999997,,AAPLH142633000.U^H26,330.0,0.07052488159346004,4.0,True,filled,FILLED_PRESELECTED_SHORT
covered_call,quoted_side,2026-08-17,2026-08-14,2026-08-17T09:00:00-04:00,2026-08-17T16:00:00-04:00,2026-08-21,2026-08-21,False,305.93,305.59,321.22650000000004,,AAPLH212632250.U^H26,322.5,0.05533558035276043,4.0,True,filled,FILLED_PRESELECTED_SHORT
covered_call,quoted_side,2026-08-24,2026-08-21,2026-08-24T09:00:00-04:00,2026-08-24T16:00:00-04:00,2026-08-28,2026-08-28,False,309.35,310.34,324.81750000000005,,AAPLH282633000.U^H26,330.0,0.06334987433137851,4.0,True,filled,FILLED_PRESELECTED_SHORT
covered_call,quoted_side,2026-08-31,2026-08-28,2026-08-31T09:00:00-04:00,2026-08-31T16:00:00-04:00,2026-09-04,2026-09-04,False,319.7,316.85,335.685,,AAPLI042633750.U^I26,337.5,0.06517279469780646,4.0,True,filled,FILLED_PRESELECTED_SHORT
covered_call,quoted_side,2026-09-08,2026-09-04,2026-09-08T09:00:00-04:00,2026-09-08T16:00:00-04:00,2026-09-11,2026-09-11,True,319.97,,335.96850000000006,,,,,,,skipped,NO_ELIGIBLE_OBSERVED_FRIDAY_CALL
covered_call,quoted_side,2026-09-14,2026-09-11,2026-09-14T09:00:00-04:00,2026-09-14T16:00:00-04:00,2026-09-18,2026-09-18,False,332.27,,348.88349999999997,,,,,,,skipped,NO_ELIGIBLE_OBSERVED_FRIDAY_CALL
covered_call,quoted_side,2026-09-21,2026-09-18,2026-09-21T09:00:00-04:00,2026-09-21T16:00:00-04:00,2026-09-25,2026-09-25,False,336.13,,352.9365,,,,,,,skipped,NO_ELIGIBLE_OBSERVED_FRIDAY_CALL
covered_call,quoted_side,2026-09-28,2026-09-25,2026-09-28T09:00:00-04:00,2026-09-28T16:00:00-04:00,2026-10-02,2026-10-02,False,341.07,,358.12350000000004,,,,,,,skipped,NO_ELIGIBLE_OBSERVED_FRIDAY_CALL
buy_hold,quoted_side,2026-07-06,2026-07-02,2026-07-06T09:00:00-04:00,2026-07-06T16:00:00-04:00,2026-07-10,2026-07-10,False,308.63,,324.0615,,,,,,,filled,INITIAL_BUY_AND_HOLD
buy_hold,quoted_side,2026-07-13,2026-07-10,2026-07-13T09:00:00-04:00,2026-07-13T16:00:00-04:00,2026-07-17,2026-07-17,False,315.32,,331.086,,,,,,,not_scheduled,BUY_AND_HOLD_NO_WEEKLY_OVERLAY
buy_hold,quoted_side,2026-07-20,2026-07-17,2026-07-20T09:00:00-04:00,2026-07-20T16:00:00-04:00,2026-07-24,2026-07-24,False,333.74,,350.427,,,,,,,not_scheduled,BUY_AND_HOLD_NO_WEEKLY_OVERLAY
buy_hold,quoted_side,2026-07-27,2026-07-24,2026-07-27T09:00:00-04:00,2026-07-27T16:00:00-04:00,2026-07-31,2026-07-31,False,333.02,,349.671,,,,,,,not_scheduled,BUY_AND_HOLD_NO_WEEKLY_OVERLAY
buy_hold,quoted_side,2026-08-03,2026-07-31,2026-08-03T09:00:00-04:00,2026-08-03T16:00:00-04:00,2026-08-07,2026-08-07,False,308.91,,324.35550000000006,,,,,,,not_scheduled,BUY_AND_HOLD_NO_WEEKLY_OVERLAY
buy_hold,quoted_side,2026-08-10,2026-08-07,2026-08-10T09:00:00-04:00,2026-08-10T16:00:00-04:00,2026-08-14,2026-08-14,False,313.33,,328.99649999999997,,,,,,,not_scheduled,BUY_AND_HOLD_NO_WEEKLY_OVERLAY
buy_hold,quoted_side,2026-08-17,2026-08-14,2026-08-17T09:00:00-04:00,2026-08-17T16:00:00-04:00,2026-08-21,2026-08-21,False,305.93,,321.22650000000004,,,,,,,not_scheduled,BUY_AND_HOLD_NO_WEEKLY_OVERLAY
buy_hold,quoted_side,2026-08-24,2026-08-21,2026-08-24T09:00:00-04:00,2026-08-24T16:00:00-04:00,2026-08-28,2026-08-28,False,309.35,,324.81750000000005,,,,,,,not_scheduled,BUY_AND_HOLD_NO_WEEKLY_OVERLAY
buy_hold,quoted_side,2026-08-31,2026-08-28,2026-08-31T09:00:00-04:00,2026-08-31T16:00:00-04:00,2026-09-04,2026-09-04,False,319.7,,335.685,,,,,,,not_scheduled,BUY_AND_HOLD_NO_WEEKLY_OVERLAY
buy_hold,quoted_side,2026-09-08,2026-09-04,2026-09-08T09:00:00-04:00,2026-09-08T16:00:00-04:00,2026-09-11,2026-09-11,True,319.97,,335.96850000000006,,,,,,,not_scheduled,BUY_AND_HOLD_NO_WEEKLY_OVERLAY
buy_hold,quoted_side,2026-09-14,2026-09-11,2026-09-14T09:00:00-04:00,2026-09-14T16:00:00-04:00,2026-09-18,2026-09-18,False,332.27,,348.88349999999997,,,,,,,not_scheduled,BUY_AND_HOLD_NO_WEEKLY_OVERLAY
buy_hold,quoted_side,2026-09-21,2026-09-18,2026-09-21T09:00:00-04:00,2026-09-21T16:00:00-04:00,2026-09-25,2026-09-25,False,336.13,,352.9365,,,,,,,not_scheduled,BUY_AND_HOLD_NO_WEEKLY_OVERLAY
buy_hold,quoted_side,2026-09-28,2026-09-25,2026-09-28T09:00:00-04:00,2026-09-28T16:00:00-04:00,2026-10-02,2026-10-02,False,341.07,,358.12350000000004,,,,,,,not_scheduled,BUY_AND_HOLD_NO_WEEKLY_OVERLAY
